,,,,,,,,,,,,,,,,,,,,,,,,,,,,,,,,,,,,,,   รายได้จากการท่องเที่ยวปีงบประมาณ 2558-2561,,,,,,,,,,,,,,   รายได้จากการท่องเที่ยวปีงบประมาณ 2558-2561,,,,,,,,,,,,,,,,,,   รายได้จากการท่องเที่ยวปีงบประมาณ 2558-2561,,,,,,,,,,,,,,,,,,,,,,,,,,,   รายได้จากการท่องเที่ยวปีงบประมาณ 2561,,,,,,,,,,,,,,,
,,,,,,,,,,,,,,,,,,,,,,,,,,,,,,,,,,,,,,แบบที่ 1 รายได้จากการท่องเที่ยวที่เกิดขึ้นภายในจังหวัด,,,,,,,,,,,,,,แบบที่ 1 รายได้จากการท่องเที่ยวที่เกิดขึ้นภายในจังหวัด,,,,,,,,,,,,,,,,,,แบบที่ 1 รายได้จากการท่องเที่ยวที่เกิดขึ้นภายในจังหวัด,,,,,,,,,,,,,,,,,,,,,,,,,,,แบบที่ 1 รายได้จากการท่องเที่ยวที่เกิดขึ้นภายในจังหวัด,,,,,,,,,,,,,,,
,,,,,,,,,,,,,,,,,,,,,,,,,,,,,,,,,,,,,,,,,,,,,,,,,,,,,,,,,,,,,,,,,,,,,,,,,,,,,,,,,,,,,,,,,,,,,,,,,,,,,,,,,,,,,,,,
,,,,,,,,,,,,,,,,,,,,แบบที่ 1 รายได้ที่เกิดในจังหวัด,,,,,,,,,,,,,,,,,,,,,,,,,,,,,,,,,,,,,,,,,,,,,,,,,,,,,,,,,,,,,,,,,,,,,,,,,,,,,,,,,,,,,,,,,,,,
              ,,,,,,,,,,,,,,,,,,,,,,,,,,,,,,,,,2014,,,2015,,,,,,,,,,หน่วย : ล้านบาท,2015,,,2016,,,,,,,,,,หน่วย : ล้านบาท,2016,,,2017,,,,,,,,,,,,,,,,,,,,,,,,,,,,หน่วย : ล้านบาท,,,,,,,,,,,,,,,,,,,,หน่วย : ล้านบาท
              ,,,,, Baseline , Baseline , Baseline , Baseline ,,,,,,,,,,,,ปีงบ 2557 แบบที่ 1 รายได้ที่เกิดในจังหวัด,,,,,,,,,,,,,ปีงบ 2558 แบบที่ 1 รายได้ที่เกิดในจังหวัด,,,,,,,,,,,,,,ปีงบประมาณ 2559 แบบที่ 1 รายได้ที่เกิดในจังหวัด,,,,,,,,,,,,,,ปีงบประมาณ 2560 แบบที่ 1 รายได้จากการท่องเที่ยวที่เกิดขึ้นภายในจังหวัด (ข้อมูลเบื้องต้น),,,,,,,,,,,,,,,,,,,,,,,,,,,,,,,,ปีงบประมาณ 2561 แบบที่ 1 รายได้จากการท่องเที่ยวที่เกิดขึ้นภายในจังหวัด (ข้อมูลเบื้องต้น : ปรับปรุงวันที่ 23 พฤษภาคม 2561),,,,,,,,,,,,,,,,,,,
ลำดับ,ID,ชื่อจังหวัด,,กลุ่มจังหวัด,รวมรายได้ ปี 2556,รวมรายได้ ปี 2557,รวมรายได้ ปี 2558,รวมรายได้ ปี 2559,,,,,,,,,,,,2556,,,2557,,,2557,,,2557,,,,2557,,,2558,,,2558,,,2558,,,,,2558,,,2559,,,2559,,,2559,,,,,,,,,,,,,,,,,,,,,,,,,,,,,,,,,,,,,2560,,,,,,,,,2561,,,,,,,,,,
,,,,,,,,,,,,,,,,,,%,,Q4,,,Q1,,,Q2,,,Q3,,,,Q4,,,Q1,,,Q2,,,Q3,,,,,Q4,,,Q1,,,Q2,,,Q3,,,,,Q4,,,ม.ค.,,,ก.พ.,,,มี.ค.,,,เม.ย.,,,พ.ค.,,,มิ.ย.,,,ก.ค.,,,ส.ค.,,,ก.ย.,,,,,ต.ค.,,,พ.ย.,,,ธ.ค.,,,ม.ค.,,,ก.พ.,,,มี.ค.,,,,
,,,,,(ล้านบาท),(ล้านบาท),(ล้านบาท),(ล้านบาท), Gwt57 , Gwt58 , Gwt59 , GwtAVG , GwtCal , เมืองหลัก , 12 เมือง , 12 plus ,เขาเล่าว่า,Discount,TotalGwt,ไทย,ต่างชาติ,รวม,ไทย,ต่างชาติ,รวม,ไทย,ต่างชาติ,รวม,ไทย,ต่างชาติ,รวม,รวมปีงบ 57,ไทย,ต่างชาติ,รวม,ไทย,ต่างชาติ,รวม,ไทย,ต่างชาติ,รวม,ไทย,ต่างชาติ,รวม,รวมปีงบ 58,% Change,ไทย,ต่างชาติ,รวม,ไทย,ต่างชาติ,รวม,ไทย,ต่างชาติ,รวม,ไทย,ต่างชาติ,รวม,รวมปีงบ 59,% Change,ไทย,ต่างชาติ,รวม,ไทย,ต่างชาติ,รวม,ไทย,ต่างชาติ,รวม,ไทย,ต่างชาติ,รวม,ไทย,ต่างชาติ,รวม,ไทย,ต่างชาติ,รวม,ไทย,ต่างชาติ,รวม,ไทย,ต่างชาติ,รวม,ไทย,ต่างชาติ,รวม,ไทย,ต่างชาติ,รวม,รวมปีงบ 60,% Change,ไทย,ต่างชาติ,รวม,ไทย,ต่างชาติ,รวม,ไทย,ต่างชาติ,รวม,ไทย,ต่างชาติ,รวม,ไทย,ต่างชาติ,รวม,ไทย,ต่างชาติ,รวม,"รวมปีงบ 61 
(ต.ค.60 - มี.ค. 61)",% Change
0,00000,กรุงเทพมหานคร,กรุงเทพมหานคร,กรุงเทพมหานคร," 630,394.86 "," 734,925.09 "," 874,939.12 "," 962,927.05 ",16.58%,19.05%,10.06%,15.23%,10.00%, -   , -   , -   , -   ,,10.00%," 40,622.08 "," 121,394.79 "," 162,016.87 "," 60,256.11 "," 80,402.24 "," 140,658.35 "," 67,175.79 "," 82,510.40 "," 149,686.19 "," 78,839.20 "," 88,283.96 "," 167,123.16 "," 619,484.57 "," 44,660.16 "," 132,675.30 "," 177,335.46 "," 68,461.28 "," 88,755.48 "," 157,216.76 "," 74,978.35 "," 90,382.17 "," 165,360.52 "," 96,987.31 "," 105,355.34 "," 202,342.65 "," 702,255.39 ",+13.36 ," 56,904.09 "," 148,494.29 "," 205,398.38 "," 70,249.34 "," 112,290.02 "," 182,539.36 "," 79,066.32 "," 112,932.61 "," 191,998.93 "," 104,549.30 "," 129,279.22 "," 233,828.52 "," 813,765.19 ",+15.88 ," 67,881.63 "," 146,205.77 "," 214,087.40 "," 27,587.03 "," 33,222.35 "," 60,809.38 "," 21,791.68 "," 31,336.07 "," 53,127.75 "," 24,852.14 "," 34,964.39 "," 59,816.53 "," 28,022.33 "," 48,927.57 "," 76,949.90 "," 31,118.95 "," 41,326.34 "," 72,445.29 "," 27,952.92 "," 42,274.71 "," 70,227.63 "," 34,552.02 "," 52,548.94 "," 87,100.96 "," 34,078.92 "," 55,471.66 "," 89,550.58 "," 44,538.34 "," 45,184.01 "," 89,722.35 "," 873,837.77 ",+7.38 ," 27,132.44 "," 46,835.90 "," 73,968.34 "," 26,413.94 "," 55,156.09 "," 81,570.03 "," 24,429.25 "," 75,092.51 "," 99,521.76 "," 30,938.58 "," 57,883.97 "," 88,822.55 "," 28,177.30 "," 63,139.15 "," 91,316.45 "," 26,716.87 "," 48,816.11 "," 75,532.98 "," 510,732.11 ",+31.69 
1,15001,จังหวัดเชียงใหม่,เชียงใหม่,ภาคเหนือตอนบน 1," 57,836.50 "," 81,072.07 "," 91,948.89 "," 97,676.83 ",40.17%,13.42%,6.23%,19.94%,10.00%,1.50%, -   , -   , -   ,,11.50%," 13,720.66 "," 6,313.77 "," 20,034.43 "," 13,892.96 "," 6,954.66 "," 20,847.62 "," 9,515.53 "," 5,120.51 "," 14,636.04 "," 8,205.98 "," 6,217.49 "," 14,423.47 "," 69,941.56 "," 16,945.51 "," 6,904.81 "," 23,850.32 "," 15,754.55 "," 7,915.26 "," 23,669.81 "," 10,720.59 "," 5,794.09 "," 16,514.68 "," 8,793.71 "," 7,487.78 "," 16,281.49 "," 80,316.30 ",+14.83 ," 18,421.54 "," 7,682.72 "," 26,104.26 "," 15,977.78 "," 9,564.62 "," 25,542.40 "," 11,448.21 "," 6,953.64 "," 18,401.85 "," 9,356.38 "," 8,705.45 "," 18,061.83 "," 88,110.34 ",+9.70 ," 19,435.12 "," 8,696.08 "," 28,131.20 "," 6,094.88 "," 3,036.30 "," 9,131.18 "," 5,713.11 "," 2,542.82 "," 8,255.93 "," 5,129.67 "," 2,887.68 "," 8,017.35 "," 4,669.12 "," 3,011.69 "," 7,680.81 "," 3,822.18 "," 2,465.45 "," 6,287.63 "," 3,721.15 "," 2,158.59 "," 5,879.74 "," 3,421.68 "," 3,259.23 "," 6,680.91 "," 3,515.02 "," 3,309.80 "," 6,824.82 "," 2,937.05 "," 2,948.21 "," 5,885.26 "," 92,774.83 ",+5.29 ," 5,988.27 "," 2,529.21 "," 8,517.48 "," 6,823.83 "," 3,492.93 "," 10,316.76 "," 8,202.14 "," 3,844.04 "," 12,046.18 "," 7,040.96 "," 4,193.19 "," 11,234.15 "," 5,995.11 "," 4,223.15 "," 10,218.26 "," 6,058.10 "," 3,822.33 "," 9,880.43 "," 62,213.26 ",+16.21 
2,16001,จังหวัดเชียงราย,เชียงราย,ภาคเหนือตอนบน 2," 20,004.94 "," 21,071.44 "," 24,275.25 "," 25,888.34 ",5.33%,15.20%,6.65%,9.06%,9.06%,1.50%, -   , -   ,1.50%,1.50%,10.56%," 5,363.30 "," 1,535.72 "," 6,899.02 "," 4,496.01 "," 1,089.32 "," 5,585.33 "," 2,971.11 "," 1,084.01 "," 4,055.12 "," 2,562.26 "," 1,147.63 "," 3,709.89 "," 20,249.36 "," 5,516.08 "," 1,557.41 "," 7,073.49 "," 4,846.26 "," 1,210.07 "," 6,056.33 "," 3,509.94 "," 1,254.83 "," 4,764.77 "," 2,839.15 "," 1,327.14 "," 4,166.29 "," 22,060.88 ",+8.95 ," 6,184.18 "," 1,676.51 "," 7,860.69 "," 5,024.72 "," 1,221.81 "," 6,246.53 "," 3,684.44 "," 1,312.80 "," 4,997.24 "," 3,073.76 "," 1,397.75 "," 4,471.51 "," 23,575.97 ",+6.87 ," 6,390.64 "," 1,642.10 "," 8,032.74 "," 1,953.90 ", 433.41 ," 2,387.31 "," 1,712.17 ", 446.82 ," 2,158.99 "," 1,660.42 ", 412.80 ," 2,073.22 "," 1,501.51 ", 564.79 ," 2,066.30 "," 1,197.35 ", 418.94 ," 1,616.29 "," 1,164.58 ", 420.61 ," 1,585.19 "," 1,017.07 ", 580.19 ," 1,597.26 "," 1,002.15 ", 504.80 ," 1,506.95 "," 1,240.35 ", 458.76 ," 1,699.11 "," 24,723.36 ",+4.87 ," 1,853.41 ", 489.37 ," 2,342.78 "," 2,050.44 ", 586.26 ," 2,636.70 "," 3,013.43 ", 745.92 ," 3,759.35 "," 2,236.20 ", 512.16 ," 2,748.36 "," 1,940.81 ", 530.73 ," 2,471.54 "," 1,823.78 ", 449.68 ," 2,273.46 "," 16,232.19 ",+10.78 
3,05002,จังหวัดเพชรบุรี,เพชรบุรี,ภาคกลางตอนล่าง 2," 13,651.45 "," 16,951.29 "," 21,749.19 "," 23,131.31 ",24.17%,28.30%,6.35%,19.61%,10.00%,1.50%, -   , -   , -   ,,11.50%," 6,533.85 ", 866.26 ," 7,400.11 "," 2,564.72 "," 1,006.12 "," 3,570.84 "," 3,108.90 ", 677.28 ," 3,786.18 "," 3,192.65 ", 586.61 ," 3,779.26 "," 18,536.39 "," 7,075.98 ", 904.75 ," 7,980.73 "," 2,761.49 "," 1,122.59 "," 3,884.08 "," 3,453.90 ", 766.80 ," 4,220.70 "," 3,515.89 ", 701.00 ," 4,216.89 "," 20,302.40 ",+9.53 ," 7,463.98 ", 954.77 ," 8,418.75 "," 2,924.93 "," 1,210.56 "," 4,135.49 "," 3,656.61 ", 819.42 ," 4,476.03 "," 3,749.00 ", 747.30 ," 4,496.30 "," 21,526.57 ",+6.03 ," 7,898.53 ", 955.12 ," 8,853.65 "," 1,004.14 ", 456.99 ," 1,461.13 "," 1,193.96 ", 450.99 ," 1,644.95 ", 898.81 , 370.25 ," 1,269.06 "," 1,416.25 ", 377.00 ," 1,793.25 "," 1,350.58 ", 285.58 ," 1,636.16 "," 1,143.39 ", 223.45 ," 1,366.84 "," 1,317.30 ", 258.05 ," 1,575.35 "," 1,453.25 ", 266.53 ," 1,719.78 "," 1,179.70 ", 282.23 ," 1,461.93 "," 22,782.10 ",+5.83 ," 2,685.14 ", 312.02 ," 2,997.16 "," 2,423.04 ", 357.22 ," 2,780.26 "," 3,456.26 ", 382.54 ," 3,838.80 "," 1,645.35 ", 621.14 ," 2,266.49 "," 1,678.19 ", 606.26 ," 2,284.45 "," 1,571.03 ", 406.03 ," 1,977.06 "," 16,144.22 ",+22.04 
4,17004,จังหวัดเพชรบูรณ์,เพชรบูรณ์,ภาคเหนือตอนล่าง 1," 4,824.75 "," 5,451.91 "," 5,653.78 "," 5,947.53 ",13.00%,3.70%,5.20%,7.30%,7.30%, -   ,1.50%, -   , -   ,,8.80%," 1,732.89 ", 18.11 ," 1,751.00 "," 1,561.89 ", 13.52 ," 1,575.41 "," 1,197.62 ", 19.82 ," 1,217.44 ", 864.59 , 19.99 , 884.58 ," 5,428.43 "," 1,737.12 ", 18.33 ," 1,755.45 "," 1,599.63 ", 13.16 ," 1,612.79 "," 1,284.75 ", 21.66 ," 1,306.41 ", 925.33 , 22.49 , 947.82 ," 5,622.47 ",+3.57 ," 1,905.49 ", 19.86 ," 1,925.35 "," 1,667.56 ", 13.47 ," 1,681.03 "," 1,295.69 ", 21.76 ," 1,317.45 ", 912.31 , 22.17 , 934.48 ," 5,858.31 ",+4.19 ," 2,004.49 ", 21.18 ," 2,025.67 ", 669.45 , 5.22 , 674.67 , 552.29 , 4.61 , 556.90 , 524.30 , 4.40 , 528.70 , 474.53 , 6.92 , 481.45 , 420.20 , 7.32 , 427.52 , 398.31 , 7.41 , 405.72 , 313.54 , 9.19 , 322.73 , 324.82 , 7.93 , 332.75 , 317.21 , 6.98 , 324.19 ," 6,080.30 ",+3.79 , 603.73 , 6.16 , 609.89 , 711.24 , 7.91 , 719.15 , 855.36 , 8.72 , 864.08 , 815.39 , 6.01 , 821.40 , 655.89 , 5.12 , 661.01 , 616.39 , 5.03 , 621.42 ," 4,296.95 ",+13.50 
5,10001,จังหวัดเลย,เลย,ภาคตะวันออกเฉียงเหนือตอนบน 1," 2,310.27 "," 2,652.88 "," 3,027.32 "," 3,620.17 ",14.83%,14.11%,19.58%,16.18%,10.00%, -   ,1.50%, -   , -   ,,11.50%, 655.45 , 31.63 , 687.08 , 624.45 , 15.54 , 639.99 , 673.79 , 15.39 , 689.18 , 581.02 , 19.76 , 600.78 ," 2,617.03 ", 711.82 , 33.70 , 745.52 , 810.95 , 16.86 , 827.81 , 718.23 , 18.87 , 737.10 , 656.27 , 22.55 , 678.82 ," 2,989.25 ",+14.22 ," 1,065.64 ", 37.77 ," 1,103.41 ", 918.27 , 18.31 , 936.58 , 797.56 , 20.56 , 818.12 , 723.31 , 25.83 , 749.14 ," 3,607.25 ",+20.67 ," 1,167.81 ", 40.03 ," 1,207.84 ", 362.03 , 8.14 , 370.17 , 326.61 , 6.22 , 332.83 , 300.99 , 5.56 , 306.55 , 288.67 , 8.45 , 297.12 , 265.38 , 6.49 , 271.87 , 289.52 , 7.08 , 296.60 , 258.35 , 8.85 , 267.20 , 283.02 , 10.90 , 293.92 , 235.23 , 8.11 , 243.34 ," 3,887.44 ",+7.77 , 333.79 , 10.79 , 344.58 , 407.60 , 14.85 , 422.45 , 521.74 , 18.59 , 540.33 , 426.06 , 9.30 , 435.36 , 365.57 , 6.77 , 372.34 , 332.52 , 5.93 , 338.45 ," 2,453.51 ",+10.65 
6,16004,จังหวัดแพร่,แพร่,ภาคเหนือตอนบน 2," 1,740.92 "," 1,202.61 "," 1,416.38 "," 1,518.11 ",-30.92%,17.78%,7.18%,-1.99%,0.00%, -   , -   ,1.50%,1.50%,1.50%,1.50%, 384.16 , 29.70 , 413.86 , 256.73 , 35.38 , 292.11 , 213.44 , 24.14 , 237.58 , 234.90 , 15.57 , 250.47 ," 1,194.02 ", 399.81 , 30.19 , 430.00 , 290.44 , 75.91 , 366.35 , 235.45 , 28.04 , 263.49 , 276.35 , 17.44 , 293.79 ," 1,353.63 ",+13.37 , 435.36 , 31.63 , 466.99 , 313.45 , 77.56 , 391.01 , 250.71 , 29.55 , 280.26 , 289.70 , 18.37 , 308.07 ," 1,446.33 ",+6.85 , 451.07 , 33.59 , 484.66 , 117.59 , 30.08 , 147.67 , 108.44 , 29.94 , 138.38 , 100.76 , 21.11 , 121.87 , 90.51 , 10.48 , 100.99 , 85.32 , 9.91 , 95.23 , 79.72 , 10.00 , 89.72 , 107.29 , 6.71 , 114.00 , 97.67 , 5.13 , 102.80 , 101.08 , 7.99 , 109.07 ," 1,504.39 ",+4.01 , 136.38 , 9.80 , 146.18 , 160.74 , 12.19 , 172.93 , 189.37 , 13.75 , 203.12 , 129.99 , 32.86 , 162.85 , 118.57 , 33.77 , 152.34 , 114.95 , 23.86 , 138.81 , 976.23 ,+9.37 
7,15002,จังหวัดแม่ฮ่องสอน,แม่ฮ่องสอน,ภาคเหนือตอนบน 1," 3,011.42 "," 3,790.72 "," 4,302.20 "," 4,595.49 ",25.88%,13.49%,6.82%,15.40%,10.00%, -   , -   , -   ,1.50%,,11.50%, 781.92 , 367.54 ," 1,149.46 ", 645.42 , 407.33 ," 1,052.75 ", 398.86 , 357.11 , 755.97 , 183.86 , 218.17 , 402.03 ," 3,360.21 ", 872.08 , 376.59 ," 1,248.67 ", 711.09 , 436.40 ," 1,147.49 ", 446.23 , 415.66 , 861.89 , 203.81 , 234.63 , 438.44 ," 3,696.49 ",+10.01 , 947.71 , 396.16 ," 1,343.87 ", 747.02 , 462.20 ," 1,209.22 ", 465.67 , 433.73 , 899.40 , 223.80 , 251.59 , 475.39 ," 3,927.88 ",+6.26 , 981.50 , 416.46 ," 1,397.96 ", 312.32 , 191.23 , 503.55 , 271.71 , 167.80 , 439.51 , 212.67 , 127.50 , 340.17 , 174.92 , 152.13 , 327.05 , 154.62 , 144.89 , 299.51 , 153.30 , 141.16 , 294.46 , 87.24 , 92.50 , 179.74 , 75.23 , 89.78 , 165.01 , 72.60 , 86.10 , 158.70 ," 4,105.66 ",+4.53 , 260.41 , 131.91 , 392.32 , 347.88 , 146.46 , 494.34 , 418.04 , 163.66 , 581.70 , 349.93 , 227.38 , 577.31 , 322.67 , 222.95 , 545.62 , 241.16 , 141.13 , 382.29 ," 2,973.58 ",+10.91 
8,07001,จังหวัดกระบี่,กระบี่,ภาคใต้ฝั่งอันดามัน," 58,789.90 "," 76,866.07 "," 96,471.97 "," 103,578.31 ",30.75%,25.51%,7.37%,21.21%,10.00%,1.50%, -   , -   ,1.50%,1.50%,11.50%," 6,752.80 "," 12,773.93 "," 19,526.73 "," 9,425.87 "," 16,767.42 "," 26,193.29 "," 6,668.29 "," 8,961.90 "," 15,630.19 "," 4,445.42 "," 5,411.16 "," 9,856.58 "," 71,206.79 "," 7,640.60 "," 13,917.86 "," 21,558.46 "," 10,054.00 "," 17,710.22 "," 27,764.22 "," 6,990.60 "," 9,366.90 "," 16,357.50 "," 4,728.05 "," 6,431.78 "," 11,159.83 "," 76,840.01 ",+7.91 ," 7,969.49 "," 15,084.79 "," 23,054.28 "," 10,708.62 "," 20,935.31 "," 31,643.93 "," 7,271.61 "," 10,799.77 "," 18,071.38 "," 5,176.91 "," 7,747.98 "," 12,924.89 "," 85,694.48 ",+11.52 ," 8,502.13 "," 17,351.47 "," 25,853.60 "," 2,049.10 "," 6,276.45 "," 8,325.55 "," 5,106.14 "," 7,124.15 "," 12,230.29 "," 4,198.02 "," 7,068.04 "," 11,266.06 "," 2,959.44 "," 5,158.02 "," 8,117.46 "," 3,178.87 "," 3,888.84 "," 7,067.71 "," 2,321.08 "," 3,799.53 "," 6,120.61 "," 1,980.78 "," 2,835.08 "," 4,815.86 "," 1,957.63 "," 3,075.24 "," 5,032.87 "," 1,816.15 "," 3,343.44 "," 5,159.59 "," 93,989.60 ",+9.68 ," 2,787.49 "," 5,246.38 "," 8,033.87 "," 2,744.63 "," 5,798.28 "," 8,542.91 "," 3,684.29 "," 8,658.53 "," 12,342.82 "," 2,865.69 "," 8,805.86 "," 11,671.55 "," 5,195.75 "," 10,050.99 "," 15,246.74 "," 4,499.33 "," 9,042.85 "," 13,542.18 "," 69,380.07 ",+20.29 
9,04001,จังหวัดกาญจนบุรี,กาญจนบุรี,ภาคกลางตอนล่าง 1," 12,885.98 "," 15,012.66 "," 18,291.39 "," 21,064.15 ",16.50%,21.84%,15.16%,17.83%,10.00%, -   , -   , -   ,1.50%,,11.50%," 3,131.24 ", 289.52 ," 3,420.76 "," 3,568.34 ", 447.18 ," 4,015.52 "," 3,196.97 ", 244.20 ," 3,441.17 "," 3,413.57 ", 285.25 ," 3,698.82 "," 14,576.27 "," 3,770.99 ", 338.55 ," 4,109.54 "," 4,322.67 ", 531.54 ," 4,854.21 "," 3,734.44 ", 326.61 ," 4,061.05 "," 4,305.03 ", 329.71 ," 4,634.74 "," 17,659.54 ",+21.15 ," 5,011.08 ", 384.04 ," 5,395.12 "," 4,802.80 ", 583.08 ," 5,385.88 "," 4,124.85 ", 361.57 ," 4,486.42 "," 4,800.39 ", 336.92 ," 5,137.31 "," 20,404.73 ",+15.55 ," 5,382.63 ", 397.77 ," 5,780.40 "," 1,853.96 ", 200.68 ," 2,054.64 "," 1,698.21 ", 194.50 ," 1,892.71 "," 1,572.47 ", 231.53 ," 1,804.00 "," 1,655.56 ", 139.82 ," 1,795.38 "," 1,607.53 ", 120.59 ," 1,728.12 "," 1,343.86 ", 121.77 ," 1,465.63 "," 1,745.81 ", 127.43 ," 1,873.24 "," 1,701.93 ", 120.48 ," 1,822.41 "," 1,793.86 ", 134.40 ," 1,928.26 "," 22,144.79 ",+8.53 ," 1,690.95 ", 126.65 ," 1,817.60 "," 2,082.59 ", 151.67 ," 2,234.26 "," 2,172.12 ", 162.63 ," 2,334.75 "," 2,279.26 ", 255.17 ," 2,534.43 "," 2,129.34 ", 283.31 ," 2,412.65 "," 2,043.48 ", 263.43 ," 2,306.91 "," 13,640.60 ",+18.29 
10,12001,จังหวัดกาฬสินธุ์,กาฬสินธุ์,ภาคตะวันออกเฉียงเหนือตอนกลาง, 695.38 , 719.17 , 791.17 , 842.42 ,3.42%,10.01%,6.48%,6.64%,6.64%, -   , -   , -   , -   ,,6.64%, 198.30 , 1.88 , 200.18 , 135.56 , 1.50 , 137.06 , 196.06 , 1.42 , 197.48 , 191.08 , 1.10 , 192.18 , 726.90 , 207.86 , 1.96 , 209.82 , 143.43 , 1.64 , 145.07 , 210.70 , 1.55 , 212.25 , 219.96 , 1.37 , 221.33 , 788.47 ,+8.47 , 219.09 , 2.06 , 221.15 , 151.55 , 1.72 , 153.27 , 227.21 , 1.63 , 228.84 , 231.18 , 1.43 , 232.61 , 835.87 ,+6.01 , 221.42 , 2.04 , 223.46 , 55.21 , 0.72 , 55.93 , 51.47 , 0.77 , 52.24 , 54.73 , 0.32 , 55.05 , 81.20 , 0.74 , 81.94 , 78.32 , 0.52 , 78.84 , 76.71 , 0.42 , 77.13 , 81.41 , 0.59 , 82.00 , 80.85 , 0.48 , 81.33 , 78.06 , 0.47 , 78.53 , 866.45 ,+3.66 , 79.11 , 0.69 , 79.80 , 88.01 , 1.11 , 89.12 , 86.59 , 1.09 , 87.68 , 75.76 , 0.90 , 76.66 , 66.75 , 1.08 , 67.83 , 73.71 , 0.11 , 73.82 , 474.91 ,+22.82 
11,18001,จังหวัดกำแพงเพชร,กำแพงเพชร,ภาคเหนือตอนล่าง 2, 985.16 ," 1,095.37 "," 1,235.85 "," 1,353.94 ",11.19%,12.82%,9.56%,11.19%,10.00%, -   , -   , -   , -   ,,10.00%, 398.56 , 8.72 , 407.28 , 234.67 , 9.84 , 244.51 , 292.66 , 10.11 , 302.77 , 132.52 , 4.12 , 136.64 ," 1,091.20 ", 413.06 , 7.85 , 420.91 , 267.06 , 15.00 , 282.06 , 338.02 , 11.71 , 349.73 , 162.38 , 4.57 , 166.95 ," 1,219.65 ",+11.77 , 445.61 , 8.23 , 453.84 , 314.14 , 16.32 , 330.46 , 362.34 , 12.58 , 374.92 , 192.01 , 5.11 , 197.12 ," 1,356.34 ",+11.21 , 485.46 , 9.01 , 494.47 , 121.37 , 5.81 , 127.18 , 105.60 , 6.47 , 112.07 , 104.46 , 4.91 , 109.37 , 128.56 , 5.12 , 133.68 , 121.12 , 4.00 , 125.12 , 115.18 , 3.65 , 118.83 , 70.64 , 1.82 , 72.46 , 67.87 , 1.81 , 69.68 , 62.18 , 1.90 , 64.08 ," 1,426.94 ",+5.21 , 151.18 , 2.15 , 153.33 , 174.47 , 3.34 , 177.81 , 189.68 , 4.00 , 193.68 , 137.52 , 7.02 , 144.54 , 117.65 , 7.06 , 124.71 , 121.99 , 5.36 , 127.35 , 921.42 ,+9.29 
12,12002,จังหวัดขอนแก่น,ขอนแก่น,ภาคตะวันออกเฉียงเหนือตอนกลาง," 9,193.85 "," 9,696.39 "," 10,687.37 "," 13,030.34 ",5.47%,10.22%,21.92%,12.54%,10.00%, -   , -   , -   , -   ,,10.00%," 2,865.33 ", 24.05 ," 2,889.38 "," 2,547.25 ", 38.02 ," 2,585.27 "," 2,144.31 ", 74.87 ," 2,219.18 "," 2,047.45 ", 57.18 ," 2,104.63 "," 9,798.46 "," 3,008.37 ", 24.96 ," 3,033.33 "," 2,722.39 ", 39.58 ," 2,761.97 "," 2,360.29 ", 78.38 ," 2,438.67 "," 2,304.60 ", 63.40 ," 2,368.00 "," 10,601.97 ",+8.20 ," 3,161.35 ", 26.41 ," 3,187.76 "," 3,594.05 ", 47.79 ," 3,641.84 "," 2,825.85 ", 92.21 ," 2,918.06 "," 2,816.08 ", 73.75 ," 2,889.83 "," 12,637.49 ",+19.20 ," 3,641.98 ", 30.68 ," 3,672.66 "," 1,314.91 ", 18.96 ," 1,333.87 "," 1,235.16 ", 19.13 ," 1,254.29 "," 1,366.08 ", 13.95 ," 1,380.03 "," 1,028.04 ", 36.94 ," 1,064.98 ", 922.18 , 27.60 , 949.78 , 961.17 , 30.51 , 991.68 , 985.62 , 27.84 ," 1,013.46 "," 1,015.57 ", 25.07 ," 1,040.64 "," 1,001.80 ", 27.25 ," 1,029.05 "," 13,730.44 ",+8.65 ," 1,184.71 ", 8.28 ," 1,192.99 "," 1,381.90 ", 10.10 ," 1,392.00 "," 1,350.19 ", 14.12 ," 1,364.31 "," 1,595.89 ", 22.79 ," 1,618.68 "," 1,348.56 ", 21.18 ," 1,369.74 "," 1,597.10 ", 17.73 ," 1,614.83 "," 8,552.55 ",+11.93 
13,09001,จังหวัดจันทบุรี,จันทบุรี,ภาคตะวันออก," 4,544.95 "," 4,764.05 "," 5,387.40 "," 5,726.67 ",4.82%,13.08%,6.30%,8.07%,8.07%, -   ,1.50%, -   , -   ,,9.57%, 966.07 , 55.47 ," 1,021.54 "," 1,114.22 ", 87.19 ," 1,201.41 "," 1,381.91 ", 124.52 ," 1,506.43 ", 881.84 , 62.09 , 943.93 ," 4,673.31 "," 1,024.26 ", 58.01 ," 1,082.27 "," 1,346.22 ", 92.37 ," 1,438.59 "," 1,573.68 ", 136.62 ," 1,710.30 ", 939.69 , 69.13 ," 1,008.82 "," 5,239.98 ",+12.13 ," 1,037.09 ", 68.55 ," 1,105.64 "," 1,447.39 ", 96.16 ," 1,543.55 "," 1,685.64 ", 149.15 ," 1,834.79 "," 1,071.71 ", 74.34 ," 1,146.05 "," 5,630.03 ",+7.44 ," 1,106.99 ", 69.61 ," 1,176.60 ", 557.66 , 37.83 , 595.49 , 471.50 , 33.44 , 504.94 , 518.00 , 30.82 , 548.82 , 608.11 , 54.22 , 662.33 , 635.12 , 48.69 , 683.81 , 590.25 , 59.38 , 649.63 , 402.42 , 28.25 , 430.67 , 393.45 , 24.73 , 418.18 , 386.00 , 28.91 , 414.91 ," 6,085.38 ",+8.09 , 383.34 , 23.04 , 406.38 , 390.28 , 26.46 , 416.74 , 417.31 , 25.90 , 443.21 , 776.70 , 46.65 , 823.35 , 637.91 , 42.13 , 680.04 , 767.75 , 37.13 , 804.88 ," 3,574.60 ",+26.50 
14,03001,จังหวัดฉะเชิงเทรา,ฉะเชิงเทรา,ภาคกลางตอนกลาง," 3,693.06 "," 3,726.75 "," 3,938.73 "," 4,132.66 ",0.91%,5.69%,4.92%,3.84%,3.84%, -   , -   , -   ,1.50%,,5.34%," 1,121.90 ", 17.01 ," 1,138.91 ", 623.36 , 8.84 , 632.20 ," 1,114.74 ", 7.04 ," 1,121.78 ", 843.21 , 11.48 , 854.69 ," 3,747.58 "," 1,154.62 ", 18.33 ," 1,172.95 ", 650.89 , 9.17 , 660.06 ," 1,139.85 ", 7.18 ," 1,147.03 ", 926.70 , 12.47 , 939.17 ," 3,919.21 ",+4.58 ," 1,219.29 ", 18.78 ," 1,238.07 ", 662.34 , 9.81 , 672.15 ," 1,204.23 ", 7.26 ," 1,211.49 "," 1,023.67 ", 13.51 ," 1,037.18 "," 4,158.89 ",+6.12 ," 1,300.49 ", 19.10 ," 1,319.59 ", 249.04 , 3.97 , 253.01 , 236.36 , 3.78 , 240.14 , 235.35 , 2.97 , 238.32 , 426.83 , 2.86 , 429.69 , 425.93 , 2.37 , 428.30 , 438.27 , 2.70 , 440.97 , 385.37 , 5.13 , 390.50 , 373.68 , 4.90 , 378.58 , 360.50 , 4.78 , 365.28 ," 4,484.38 ",+7.83 , 433.71 , 6.79 , 440.50 , 491.14 , 6.14 , 497.28 , 468.52 , 7.68 , 476.20 , 289.82 , 4.56 , 294.38 , 271.36 , 4.61 , 275.97 , 266.83 , 3.69 , 270.52 ," 2,254.85 ",+9.94 
15,09002,จังหวัดชลบุรี,ชลบุรี,ภาคตะวันออก," 109,415.85 "," 128,907.22 "," 167,466.90 "," 238,903.95 ",17.81%,29.91%,42.66%,30.13%,10.00%,1.50%, -   , -   ,1.50%,1.50%,11.50%," 8,335.45 "," 25,494.16 "," 33,829.61 "," 4,306.18 "," 24,414.64 "," 28,720.82 "," 6,089.82 "," 19,913.35 "," 26,003.17 "," 4,600.79 "," 12,765.88 "," 17,366.67 "," 105,920.27 "," 8,317.08 "," 27,684.36 "," 36,001.44 "," 4,865.35 "," 29,853.97 "," 34,719.32 "," 7,463.60 "," 26,679.63 "," 34,143.23 "," 5,281.78 "," 15,884.47 "," 21,166.25 "," 126,030.24 ",+18.99 ," 8,900.15 "," 35,009.35 "," 43,909.50 "," 9,679.62 "," 48,807.71 "," 58,487.33 "," 11,426.51 "," 42,221.98 "," 53,648.49 "," 8,733.94 "," 23,009.16 "," 31,743.10 "," 187,788.42 ",+49.00 ," 14,174.10 "," 48,218.86 "," 62,392.96 "," 3,683.72 "," 15,845.39 "," 19,529.11 "," 3,478.41 "," 17,794.23 "," 21,272.64 "," 3,318.62 "," 14,916.85 "," 18,235.47 "," 3,518.13 "," 19,020.39 "," 22,538.52 "," 4,435.47 "," 15,658.52 "," 20,093.99 "," 4,630.63 "," 14,052.43 "," 18,683.06 "," 3,054.95 "," 9,494.61 "," 12,549.56 "," 3,342.53 "," 9,568.18 "," 12,910.71 "," 3,210.61 "," 8,996.72 "," 12,207.33 "," 220,413.35 ",+17.37 ," 4,525.05 "," 20,836.05 "," 25,361.10 "," 5,873.02 "," 18,508.69 "," 24,381.71 "," 5,521.58 "," 18,622.31 "," 24,143.89 "," 3,797.74 "," 23,328.15 "," 27,125.89 "," 4,097.27 "," 23,468.47 "," 27,565.74 "," 4,431.74 "," 21,390.32 "," 25,822.06 "," 154,400.39 ",+27.15 
16,02001,จังหวัดชัยนาท,ชัยนาท,ภาคกลางตอนบน 2, 548.65 , 701.95 , 966.84 ," 1,076.35 ",27.94%,37.74%,11.33%,25.67%,10.00%, -   , -   , -   , -   ,,10.00%, 198.93 , 1.13 , 200.06 , 144.91 , 1.18 , 146.09 , 174.94 , 0.84 , 175.78 , 146.54 , 1.11 , 147.65 , 669.58 , 213.56 , 1.27 , 214.83 , 217.05 , 1.57 , 218.62 , 289.66 , 1.35 , 291.01 , 238.34 , 1.63 , 239.97 , 964.43 ,+44.04 , 272.01 , 1.65 , 273.66 , 232.85 , 1.64 , 234.49 , 317.12 , 1.43 , 318.55 , 261.21 , 1.79 , 263.00 ," 1,089.70 ",+12.99 , 290.11 , 1.71 , 291.82 , 80.18 , 0.69 , 80.87 , 78.60 , 0.59 , 79.19 , 85.71 , 0.46 , 86.17 , 114.40 , 0.72 , 115.12 , 114.39 , 0.38 , 114.77 , 107.74 , 0.51 , 108.25 , 99.47 , 0.74 , 100.21 , 90.10 , 0.60 , 90.70 , 89.31 , 0.60 , 89.91 ," 1,157.01 ",+6.18 , 97.24 , 0.51 , 97.75 , 102.71 , 0.47 , 103.18 , 112.68 , 0.90 , 113.58 , 93.53 , 0.80 , 94.33 , 89.02 , 0.73 , 89.75 , 93.94 , 0.49 , 94.43 , 593.02 ,+10.22 
17,13001,จังหวัดชัยภูมิ,ชัยภูมิ,ภาคตะวันออกเฉียงเหนือตอนล่าง 1," 1,210.82 "," 1,275.02 "," 1,413.82 "," 1,606.55 ",5.30%,10.89%,13.63%,9.94%,9.94%, -   , -   ,1.50%,1.50%,1.50%,11.44%, 330.67 , 3.79 , 334.46 , 225.45 , 2.88 , 228.33 , 321.19 , 4.46 , 325.65 , 388.44 , 3.44 , 391.88 ," 1,280.32 ", 348.54 , 3.97 , 352.51 , 274.69 , 3.07 , 277.76 , 345.84 , 4.70 , 350.54 , 422.85 , 3.75 , 426.60 ," 1,407.41 ",+9.93 , 408.40 , 4.55 , 412.95 , 317.58 , 3.33 , 320.91 , 384.55 , 5.11 , 389.66 , 462.04 , 3.92 , 465.96 ," 1,589.48 ",+12.94 , 458.12 , 5.15 , 463.27 , 130.97 , 1.41 , 132.38 , 102.52 , 1.21 , 103.73 , 108.89 , 0.97 , 109.86 , 134.45 , 2.09 , 136.54 , 138.57 , 1.56 , 140.13 , 141.82 , 1.91 , 143.73 , 165.64 , 1.23 , 166.87 , 159.25 , 1.59 , 160.84 , 169.65 , 1.38 , 171.03 ," 1,728.38 ",+8.74 , 161.73 , 1.34 , 163.07 , 160.86 , 1.78 , 162.64 , 166.52 , 2.28 , 168.80 , 159.58 , 1.69 , 161.27 , 125.25 , 1.48 , 126.73 , 131.32 , 1.06 , 132.38 , 914.89 ,+13.06 
18,06001,จังหวัดชุมพร,ชุมพร,ภาคใต้ฝั่งอ่าวไทย," 4,778.02 "," 5,225.47 "," 5,904.73 "," 6,444.98 ",9.36%,13.00%,9.15%,10.50%,10.00%, -   ,1.50%, -   , -   ,,11.50%," 1,027.55 ", 118.05 ," 1,145.60 ", 938.74 , 95.94 ," 1,034.68 "," 1,315.88 ", 62.19 ," 1,378.07 "," 1,362.73 ", 269.38 ," 1,632.11 "," 5,190.46 "," 1,113.61 ", 122.44 ," 1,236.05 "," 1,028.18 ", 103.28 ," 1,131.46 "," 1,485.08 ", 69.16 ," 1,554.24 "," 1,446.90 ", 292.81 ," 1,739.71 "," 5,661.46 ",+9.07 ," 1,308.66 ", 146.48 ," 1,455.14 "," 1,097.84 ", 113.28 ," 1,211.12 "," 1,549.74 ", 75.12 ," 1,624.86 "," 1,565.81 ", 311.69 ," 1,877.50 "," 6,168.62 ",+8.96 ," 1,372.21 ", 154.18 ," 1,526.39 ", 380.47 , 44.62 , 425.09 , 386.63 , 37.31 , 423.94 , 392.99 , 37.88 , 430.87 , 570.89 , 33.35 , 604.24 , 542.07 , 29.61 , 571.68 , 538.47 , 25.12 , 563.59 , 624.07 , 109.03 , 733.10 , 579.42 , 135.75 , 715.17 , 472.59 , 95.33 , 567.92 ," 6,561.99 ",+6.38 , 467.55 , 45.03 , 512.58 , 464.49 , 55.80 , 520.29 , 547.07 , 67.14 , 614.21 , 445.74 , 49.77 , 495.51 , 453.24 , 46.45 , 499.69 , 459.25 , 47.09 , 506.34 ," 3,148.62 ",+12.20 
19,07002,จังหวัดตรัง,ตรัง,ภาคใต้ฝั่งอันดามัน," 6,528.77 "," 7,131.52 "," 8,035.97 "," 8,756.45 ",9.23%,12.68%,8.97%,10.29%,10.00%, -   ,1.50%, -   , -   ,,11.50%," 1,263.23 ", 403.62 ," 1,666.85 "," 1,991.68 ", 439.08 ," 2,430.76 "," 1,478.76 ", 211.08 ," 1,689.84 ", 852.74 , 166.54 ," 1,019.28 "," 6,806.73 "," 1,328.27 ", 416.48 ," 1,744.75 "," 2,318.45 ", 474.38 ," 2,792.83 "," 1,644.87 ", 231.81 ," 1,876.68 ", 914.67 , 171.38 ," 1,086.05 "," 7,500.31 ",+10.19 ," 1,462.74 ", 491.90 ," 1,954.64 "," 2,535.67 ", 511.00 ," 3,046.67 "," 1,795.73 ", 225.74 ," 2,021.47 "," 1,004.07 ", 188.09 ," 1,192.16 "," 8,214.94 ",+9.53 ," 1,555.22 ", 531.49 ," 2,086.71 ", 877.58 , 184.35 ," 1,061.93 ", 859.03 , 198.45 ," 1,057.48 ", 912.51 , 146.00 ," 1,058.51 ", 735.84 , 100.90 , 836.74 , 680.06 , 87.71 , 767.77 , 507.18 , 67.20 , 574.38 , 319.23 , 84.39 , 403.62 , 368.78 , 53.72 , 422.50 , 406.02 , 75.99 , 482.01 ," 8,751.65 ",+6.53 , 568.19 , 184.26 , 752.45 , 595.16 , 184.15 , 779.31 , 497.25 , 219.60 , 716.85 ," 1,010.86 ", 225.73 ," 1,236.59 "," 1,030.92 ", 233.88 ," 1,264.80 "," 1,033.96 ", 189.34 ," 1,223.30 "," 5,973.30 ",+13.46 
20,09003,จังหวัดตราด,ตราด,ภาคตะวันออก," 12,155.28 "," 14,588.13 "," 16,412.39 "," 18,191.57 ",20.01%,12.51%,10.84%,14.45%,10.00%, -   ,1.50%, -   ,1.50%,1.50%,11.50%," 1,971.73 "," 1,407.59 "," 3,379.32 "," 1,695.99 "," 2,289.13 "," 3,985.12 "," 2,297.63 ", 748.27 ," 3,045.90 "," 1,889.90 ", 727.38 ," 2,617.28 "," 13,027.62 "," 2,059.40 "," 1,455.13 "," 3,514.53 "," 1,849.45 "," 2,425.50 "," 4,274.95 "," 2,583.57 ", 899.28 ," 3,482.85 "," 2,022.51 ", 805.51 ," 2,828.02 "," 14,100.35 ",+8.23 ," 2,188.88 "," 1,670.35 "," 3,859.23 "," 1,956.64 "," 2,683.82 "," 4,640.46 "," 2,673.02 "," 1,070.92 "," 3,743.94 "," 2,178.73 ", 897.71 ," 3,076.44 "," 15,320.07 ",+8.65 ," 2,418.16 "," 1,906.83 "," 4,324.99 ", 761.20 ," 1,002.69 "," 1,763.89 ", 695.50 , 942.28 ," 1,637.78 ", 667.97 , 934.25 ," 1,602.22 "," 1,042.62 ", 413.06 ," 1,455.68 ", 999.44 , 395.20 ," 1,394.64 ", 853.14 , 353.26 ," 1,206.40 ", 785.60 , 353.59 ," 1,139.19 ", 801.43 , 337.28 ," 1,138.71 ", 776.95 , 322.24 ," 1,099.19 "," 16,762.69 ",+9.42 , 853.40 , 680.72 ," 1,534.12 ", 877.45 , 679.74 ," 1,557.19 ", 911.36 , 767.22 ," 1,678.58 ", 822.87 ," 1,133.92 "," 1,956.79 ", 765.37 ," 1,047.89 "," 1,813.26 ", 799.75 ," 1,109.95 "," 1,909.70 "," 10,449.64 ",+12.01 
21,17001,จังหวัดตาก,ตาก,ภาคเหนือตอนล่าง 1," 4,562.63 "," 5,206.70 "," 5,715.44 "," 6,148.06 ",14.12%,9.77%,7.57%,10.49%,10.00%, -   , -   , -   , -   ,,10.00%," 1,435.99 ", 59.65 ," 1,495.64 "," 1,238.67 ", 39.50 ," 1,278.17 "," 1,341.90 ", 9.59 ," 1,351.49 ", 917.96 , 20.87 , 938.83 ," 5,064.13 "," 1,505.07 ", 59.87 ," 1,564.94 "," 1,432.23 ", 42.42 ," 1,474.65 "," 1,512.05 ", 10.79 ," 1,522.84 "," 1,071.04 ", 24.87 ," 1,095.91 "," 5,658.34 ",+11.73 ," 1,673.78 ", 64.55 ," 1,738.33 "," 1,512.32 ", 44.86 ," 1,557.18 "," 1,614.23 ", 11.50 ," 1,625.73 "," 1,146.68 ", 26.97 ," 1,173.65 "," 6,094.89 ",+7.72 ," 1,773.24 ", 70.19 ," 1,843.43 ", 588.78 , 17.06 , 605.84 , 522.13 , 16.15 , 538.28 , 493.71 , 13.83 , 507.54 , 599.37 , 4.12 , 603.49 , 544.44 , 3.78 , 548.22 , 554.95 , 4.25 , 559.20 , 447.23 , 9.74 , 456.97 , 401.26 , 9.89 , 411.15 , 357.29 , 9.17 , 366.46 ," 6,440.58 ",+5.67 , 536.63 , 22.64 , 559.27 , 643.41 , 25.28 , 668.69 , 717.68 , 27.70 , 745.38 , 653.29 , 20.16 , 673.45 , 606.73 , 18.07 , 624.80 , 566.53 , 16.35 , 582.88 ," 3,854.47 ",+10.28 
22,03002,จังหวัดนครนายก,นครนายก,ภาคกลางตอนกลาง," 5,691.02 "," 5,012.76 "," 5,700.94 "," 6,187.09 ",-11.92%,13.73%,8.53%,3.45%,3.45%, -   , -   , -   , -   ,,3.45%, 918.14 , 33.06 , 951.20 ," 1,456.76 ", 11.38 ," 1,468.14 "," 1,367.02 ", 5.81 ," 1,372.83 "," 1,172.65 ", 20.97 ," 1,193.62 "," 4,985.79 ", 965.16 , 34.35 , 999.51 ," 1,769.37 ", 12.65 ," 1,782.02 "," 1,510.01 ", 5.84 ," 1,515.85 "," 1,347.65 ", 24.07 ," 1,371.72 "," 5,669.10 ",+13.71 ," 1,136.42 ", 41.39 ," 1,177.81 "," 1,868.73 ", 12.91 ," 1,881.64 "," 1,559.07 ", 6.27 ," 1,565.34 "," 1,478.42 ", 25.96 ," 1,504.38 "," 6,129.17 ",+8.12 ," 1,234.72 ", 44.48 ," 1,279.20 ", 698.31 , 4.86 , 703.17 , 650.09 , 5.69 , 655.78 , 661.48 , 3.27 , 664.75 , 594.97 , 2.46 , 597.43 , 593.08 , 2.37 , 595.45 , 501.13 , 2.15 , 503.28 , 534.41 , 9.09 , 543.50 , 538.35 , 8.94 , 547.29 , 509.25 , 10.79 , 520.04 ," 6,609.89 ",+7.84 , 436.65 , 13.95 , 450.60 , 431.26 , 16.95 , 448.21 , 458.85 , 17.91 , 476.76 , 810.81 , 5.79 , 816.60 , 687.79 , 6.45 , 694.24 , 762.88 , 4.24 , 767.12 ," 3,653.53 ",+10.62 
23,04002,จังหวัดนครปฐม,นครปฐม,ภาคกลางตอนล่าง 1," 3,254.62 "," 3,501.43 "," 4,096.77 "," 4,711.93 ",7.58%,17.00%,15.02%,13.20%,10.00%, -   , -   ,1.50%, -   ,,11.50%," 1,090.50 ", 75.04 ," 1,165.54 ", 587.67 , 34.46 , 622.13 , 713.41 , 28.19 , 741.60 ," 1,077.76 ", 48.53 ," 1,126.29 "," 3,655.56 "," 1,272.06 ", 85.25 ," 1,357.31 ", 642.86 , 36.79 , 679.65 , 747.17 , 29.23 , 776.40 ," 1,147.42 ", 51.89 ," 1,199.31 "," 4,012.67 ",+9.77 ," 1,299.97 ", 86.56 ," 1,386.53 ", 847.70 , 42.08 , 889.78 , 893.45 , 32.92 , 926.37 ," 1,545.11 ", 64.07 ," 1,609.18 "," 4,811.86 ",+19.92 ," 1,518.29 ", 90.17 ," 1,608.46 ", 314.10 , 12.94 , 327.04 , 281.08 , 19.62 , 300.70 , 306.14 , 13.46 , 319.60 , 318.17 , 14.00 , 332.17 , 322.59 , 13.56 , 336.15 , 308.43 , 11.43 , 319.86 , 562.71 , 26.29 , 589.00 , 602.20 , 22.91 , 625.11 , 539.03 , 21.41 , 560.44 ," 5,318.53 ",+10.53 , 532.94 , 30.72 , 563.66 , 550.39 , 30.37 , 580.76 , 577.04 , 37.33 , 614.37 , 356.38 , 14.58 , 370.96 , 337.35 , 20.39 , 357.74 , 342.38 , 15.84 , 358.22 ," 2,845.71 ",+11.34 
24,11001,จังหวัดนครพนม,นครพนม,ภาคตะวันออกเฉียงเหนือตอนบน 2," 1,264.13 "," 1,393.36 "," 1,567.62 "," 1,690.97 ",10.22%,12.51%,7.87%,10.20%,10.00%, -   , -   , -   , -   ,,10.00%, 301.32 , 20.69 , 322.01 , 364.47 , 15.18 , 379.65 , 321.16 , 27.22 , 348.38 , 305.20 , 17.60 , 322.80 ," 1,372.84 ", 333.73 , 22.68 , 356.41 , 411.69 , 16.63 , 428.32 , 343.11 , 29.91 , 373.02 , 354.10 , 19.18 , 373.28 ," 1,531.03 ",+11.52 , 357.28 , 23.83 , 381.11 , 454.20 , 17.86 , 472.06 , 372.40 , 31.22 , 403.62 , 386.96 , 20.62 , 407.58 ," 1,664.37 ",+8.71 , 382.35 , 25.25 , 407.60 , 160.94 , 8.21 , 169.15 , 171.95 , 5.80 , 177.75 , 154.82 , 5.50 , 160.32 , 139.40 , 14.39 , 153.79 , 129.75 , 9.70 , 139.45 , 129.47 , 9.10 , 138.57 , 124.59 , 7.11 , 131.70 , 144.05 , 8.46 , 152.51 , 144.19 , 6.50 , 150.69 ," 1,781.53 ",+7.04 , 136.51 , 7.96 , 144.47 , 145.88 , 8.95 , 154.83 , 141.26 , 11.26 , 152.52 , 191.66 , 9.07 , 200.73 , 194.59 , 6.51 , 201.10 , 172.82 , 5.74 , 178.56 ," 1,032.21 ",+12.83 
25,13002,จังหวัดนครราชสีมา,นครราชสีมา,ภาคตะวันออกเฉียงเหนือตอนล่าง 1," 9,274.62 "," 13,412.86 "," 15,754.24 "," 17,501.64 ",44.62%,17.46%,11.09%,24.39%,10.00%, -   , -   , -   , -   ,,10.00%," 2,749.98 ", 105.44 ," 2,855.42 "," 3,471.12 ", 104.81 ," 3,575.93 "," 3,171.66 ", 121.72 ," 3,293.38 "," 3,416.62 ", 110.65 ," 3,527.27 "," 13,252.00 "," 2,999.70 ", 114.98 ," 3,114.68 "," 4,238.22 ", 112.30 ," 4,350.52 "," 3,721.94 ", 130.26 ," 3,852.20 "," 4,113.04 ", 124.33 ," 4,237.37 "," 15,554.77 ",+17.38 ," 3,251.66 ", 126.46 ," 3,378.12 "," 4,660.95 ", 120.34 ," 4,781.29 "," 3,985.17 ", 138.22 ," 4,123.39 "," 4,580.16 ", 135.23 ," 4,715.39 "," 16,998.19 ",+9.28 ," 3,659.74 ", 138.60 ," 3,798.34 "," 1,805.42 ", 53.59 ," 1,859.01 "," 1,648.34 ", 41.28 ," 1,689.62 "," 1,602.17 ", 37.67 ," 1,639.84 "," 1,468.58 ", 58.30 ," 1,526.88 "," 1,448.26 ", 51.36 ," 1,499.62 "," 1,416.90 ", 45.32 ," 1,462.22 "," 1,640.37 ", 51.44 ," 1,691.81 "," 1,677.29 ", 51.58 ," 1,728.87 "," 1,679.90 ", 49.08 ," 1,728.98 "," 18,625.19 ",+9.57 ," 1,368.35 ", 44.18 ," 1,412.53 "," 1,364.66 ", 52.03 ," 1,416.69 "," 1,440.77 ", 58.77 ," 1,499.54 "," 2,341.30 ", 95.09 ," 2,436.39 "," 2,063.47 ", 169.72 ," 2,233.19 "," 1,912.09 ", 43.80 ," 1,955.89 "," 10,954.23 ",+21.89 
26,06002,จังหวัดนครศรีธรรมราช,นครศรีธรรมราช,ภาคใต้ฝั่งอ่าวไทย," 10,190.93 "," 10,032.49 "," 13,457.72 "," 14,501.59 ",-1.55%,34.14%,7.76%,13.45%,10.00%, -   ,1.50%, -   ,1.50%,1.50%,11.50%," 2,613.39 ", 76.68 ," 2,690.07 "," 2,345.31 ", 69.62 ," 2,414.93 "," 4,242.53 ", 41.67 ," 4,284.20 "," 2,383.89 ", 56.65 ," 2,440.54 "," 11,829.74 "," 2,647.15 ", 89.92 ," 2,737.07 "," 2,864.38 ", 90.67 ," 2,955.05 "," 4,764.54 ", 46.01 ," 4,810.55 "," 2,763.99 ", 68.79 ," 2,832.78 "," 13,335.45 ",+12.73 ," 2,883.65 ", 105.33 ," 2,988.98 "," 3,098.47 ", 105.34 ," 3,203.81 "," 5,047.87 ", 49.62 ," 5,097.49 "," 3,034.26 ", 72.33 ," 3,106.59 "," 14,396.87 ",+7.96 ," 2,948.10 ", 109.23 ," 3,057.33 "," 1,196.23 ", 32.43 ," 1,228.66 ", 955.10 , 30.71 , 985.81 ," 1,047.43 ", 45.62 ," 1,093.05 "," 2,004.80 ", 20.01 ," 2,024.81 "," 1,949.13 ", 19.08 ," 1,968.21 "," 1,702.69 ", 20.06 ," 1,722.75 ", 980.72 , 29.28 ," 1,010.00 "," 1,182.69 ", 24.75 ," 1,207.44 "," 1,151.05 ", 26.73 ," 1,177.78 "," 15,475.84 ",+7.49 ," 1,091.78 ", 31.31 ," 1,123.09 "," 1,013.41 ", 42.72 ," 1,056.13 "," 1,121.11 ", 46.72 ," 1,167.83 "," 1,239.99 ", 43.16 ," 1,283.15 "," 1,079.39 ", 36.17 ," 1,115.56 "," 1,170.49 ", 51.47 ," 1,221.96 "," 6,967.72 ",+9.47 
27,18002,จังหวัดนครสวรรค์,นครสวรรค์,ภาคเหนือตอนล่าง 2," 2,119.92 "," 2,268.34 "," 2,987.31 "," 3,295.65 ",7.00%,31.70%,10.32%,16.34%,10.00%, -   , -   , -   , -   ,,10.00%, 610.41 , 20.12 , 630.53 , 517.38 , 14.27 , 531.65 , 779.81 , 14.29 , 794.10 , 297.75 , 4.86 , 302.61 ," 2,258.89 ", 623.26 , 19.51 , 642.77 , 753.27 , 20.99 , 774.26 ," 1,097.57 ", 20.15 ," 1,117.72 ", 418.31 , 6.47 , 424.78 ," 2,959.53 ",+31.02 , 858.35 , 21.60 , 879.95 , 781.83 , 21.46 , 803.29 ," 1,118.57 ", 20.43 ," 1,139.00 ", 448.03 , 7.03 , 455.06 ," 3,277.30 ",+10.74 , 875.23 , 21.45 , 896.68 , 297.42 , 5.18 , 302.60 , 270.93 , 7.71 , 278.64 , 250.81 , 9.52 , 260.33 , 402.97 , 8.13 , 411.10 , 389.19 , 6.17 , 395.36 , 375.57 , 6.89 , 382.46 , 172.87 , 2.41 , 175.28 , 146.44 , 2.40 , 148.84 , 147.67 , 2.55 , 150.22 ," 3,401.51 ",+3.79 , 279.64 , 6.62 , 286.26 , 309.15 , 7.87 , 317.02 , 348.53 , 8.46 , 356.99 , 327.02 , 8.14 , 335.16 , 314.42 , 9.24 , 323.66 , 296.13 , 8.94 , 305.07 ," 1,924.16 ",+10.70 
28,01001,จังหวัดนนทบุรี,นนทบุรี,ภาคกลางตอนบน 1," 2,595.90 "," 2,578.99 "," 3,175.96 "," 3,308.40 ",-0.65%,23.15%,4.17%,8.89%,8.89%, -   , -   , -   , -   ,,8.89%, 668.77 , 60.31 , 729.08 , 633.38 , 132.78 , 766.16 , 551.99 , 72.79 , 624.78 , 387.07 , 45.05 , 432.12 ," 2,552.14 ", 674.09 , 63.16 , 737.25 , 769.13 , 160.53 , 929.66 , 701.59 , 90.83 , 792.42 , 505.67 , 57.12 , 562.79 ," 3,022.12 ",+18.42 , 683.41 , 68.87 , 752.28 , 784.99 , 163.47 , 948.46 , 714.73 , 96.00 , 810.73 , 558.09 , 63.13 , 621.22 ," 3,132.69 ",+3.66 , 725.99 , 71.58 , 797.57 , 299.88 , 61.94 , 361.82 , 276.72 , 55.96 , 332.68 , 266.98 , 55.99 , 322.97 , 256.97 , 37.79 , 294.76 , 251.44 , 38.50 , 289.94 , 250.62 , 31.73 , 282.35 , 207.41 , 24.68 , 232.09 , 209.58 , 22.96 , 232.54 , 200.90 , 22.27 , 223.17 ," 3,369.89 ",+7.57 , 236.09 , 27.83 , 263.92 , 277.82 , 23.08 , 300.90 , 272.77 , 29.61 , 302.38 , 390.53 , 82.86 , 473.39 , 358.04 , 74.85 , 432.89 , 345.65 , 56.74 , 402.39 ," 2,175.87 ",+19.88 
29,08001,จังหวัดนราธิวาส,นราธิวาส,ภาคใต้ชายแดน," 2,217.74 "," 2,719.36 "," 3,241.35 "," 3,455.67 ",22.62%,19.20%,6.61%,16.14%,10.00%, -   , -   , -   , -   ,,10.00%, 176.80 , 326.48 , 503.28 , 154.73 , 344.06 , 498.79 , 192.61 , 482.18 , 674.79 , 194.86 , 451.82 , 646.68 ," 2,323.54 ", 181.18 , 330.81 , 511.99 , 188.05 , 402.31 , 590.36 , 209.54 , 518.89 , 728.43 , 213.76 , 479.90 , 693.66 ," 2,524.44 ",+8.65 , 200.64 , 315.85 , 516.49 , 199.82 , 428.40 , 628.22 , 232.93 , 559.34 , 792.27 , 216.07 , 500.96 , 717.03 ," 2,654.01 ",+5.13 , 206.22 , 330.41 , 536.63 , 56.78 , 158.68 , 215.46 , 88.02 , 117.81 , 205.83 , 67.21 , 149.12 , 216.33 , 109.24 , 228.21 , 337.45 , 95.20 , 214.98 , 310.18 , 41.94 , 207.55 , 249.49 , 73.35 , 194.60 , 267.95 , 82.47 , 157.27 , 239.74 , 76.28 , 186.28 , 262.56 ," 2,841.62 ",+7.07 , 69.35 , 109.04 , 178.39 , 76.03 , 111.10 , 187.13 , 82.04 , 129.72 , 211.76 , 61.75 , 177.10 , 238.85 , 91.45 , 155.45 , 246.90 , 73.01 , 174.47 , 247.48 ," 1,310.51 ",+11.60 
30,16002,จังหวัดน่าน,น่าน,ภาคเหนือตอนบน 2," 1,535.88 "," 1,582.85 "," 1,939.74 "," 2,058.03 ",3.06%,22.55%,6.10%,10.57%,10.00%, -   ,1.50%, -   , -   ,,11.50%, 355.07 , 26.36 , 381.43 , 506.58 , 21.37 , 527.95 , 446.75 , 10.60 , 457.35 , 231.68 , 7.92 , 239.60 ," 1,606.33 ", 378.60 , 23.78 , 402.38 , 608.83 , 24.01 , 632.84 , 576.47 , 13.86 , 590.33 , 275.46 , 9.34 , 284.80 ," 1,910.35 ",+18.93 , 421.27 , 26.78 , 448.05 , 642.80 , 24.76 , 667.56 , 594.79 , 14.15 , 608.94 , 297.22 , 9.54 , 306.76 ," 2,031.31 ",+6.33 , 446.05 , 27.57 , 473.62 , 259.51 , 8.79 , 268.30 , 216.73 , 9.54 , 226.27 , 202.02 , 7.97 , 209.99 , 233.08 , 5.73 , 238.81 , 201.94 , 4.42 , 206.36 , 188.92 , 4.59 , 193.51 , 114.45 , 3.18 , 117.63 , 102.14 , 3.76 , 105.90 , 93.61 , 3.64 , 97.25 ," 2,137.64 ",+5.23 , 146.52 , 9.62 , 156.14 , 158.84 , 9.68 , 168.52 , 179.92 , 11.00 , 190.92 , 306.18 , 10.09 , 316.27 , 259.23 , 13.21 , 272.44 , 250.36 , 7.76 , 258.12 ," 1,362.41 ",+15.64 
31,10005,จังหวัดบึงกาฬ,บึงกาฬ,ภาคตะวันออกเฉียงเหนือตอนบน 1, 603.99 , 672.37 , 810.38 , 905.60 ,11.32%,20.53%,11.75%,14.53%,10.00%, -   , -   , -   ,1.50%,,11.50%, 159.22 , 1.66 , 160.88 , 229.39 , 1.17 , 230.56 , 141.56 , 3.36 , 144.92 , 145.79 , 2.87 , 148.66 , 685.02 , 189.82 , 2.12 , 191.94 , 274.38 , 1.26 , 275.64 , 168.40 , 3.86 , 172.26 , 163.15 , 3.11 , 166.26 , 806.10 ,+17.68 , 222.25 , 2.54 , 224.79 , 308.35 , 1.37 , 309.72 , 181.52 , 4.05 , 185.57 , 177.16 , 3.26 , 180.42 , 900.50 ,+11.71 , 239.00 , 2.71 , 241.71 , 117.21 , 0.66 , 117.87 , 100.71 , 0.47 , 101.18 , 116.43 , 0.34 , 116.77 , 65.17 , 1.95 , 67.12 , 64.28 , 1.18 , 65.46 , 63.03 , 1.15 , 64.18 , 61.85 , 1.09 , 62.94 , 61.30 , 1.23 , 62.53 , 61.45 , 1.10 , 62.55 , 962.31 ,+6.86 , 79.11 , 0.69 , 79.80 , 88.01 , 1.11 , 89.12 , 86.59 , 1.09 , 87.68 , 124.42 , 0.61 , 125.03 , 103.56 , 0.43 , 103.99 , 114.54 , 0.46 , 115.00 , 600.62 ,+4.00 
32,13003,จังหวัดบุรีรัมย์,บุรีรัมย์,ภาคตะวันออกเฉียงเหนือตอนล่าง 1," 1,602.39 "," 1,720.13 "," 1,978.19 "," 2,291.74 ",7.35%,15.00%,15.85%,12.73%,10.00%, -   , -   ,1.50%, -   ,,11.50%, 354.37 , 4.89 , 359.26 , 503.23 , 9.63 , 512.86 , 495.23 , 9.74 , 504.97 , 339.16 , 8.58 , 347.74 ," 1,724.83 ", 385.75 , 5.21 , 390.96 , 574.07 , 10.55 , 584.62 , 552.61 , 10.85 , 563.46 , 413.05 , 10.67 , 423.72 ," 1,962.76 ",+13.79 , 461.41 , 6.16 , 467.57 , 652.44 , 11.45 , 663.89 , 629.93 , 12.16 , 642.09 , 488.27 , 12.49 , 500.76 ," 2,274.31 ",+15.87 , 532.56 , 7.20 , 539.76 , 233.62 , 5.22 , 238.84 , 220.83 , 3.46 , 224.29 , 252.52 , 3.77 , 256.29 , 252.73 , 4.86 , 257.59 , 210.64 , 4.21 , 214.85 , 215.48 , 3.81 , 219.29 , 189.74 , 5.31 , 195.05 , 186.29 , 4.94 , 191.23 , 174.03 , 4.08 , 178.11 ," 2,515.30 ",+10.60 , 183.33 , 2.41 , 185.74 , 225.72 , 3.27 , 228.99 , 235.33 , 3.07 , 238.40 , 300.49 , 7.58 , 308.07 , 281.35 , 6.21 , 287.56 , 311.45 , 5.18 , 316.63 ," 1,565.39 ",+24.32 
33,01002,จังหวัดปทุมธานี,ปทุมธานี,ภาคกลางตอนบน 1," 2,116.25 "," 2,535.80 "," 3,116.38 "," 3,313.58 ",19.83%,22.90%,6.33%,16.35%,10.00%, -   , -   , -   , -   ,,10.00%, 510.50 , 239.46 , 749.96 , 329.79 , 196.12 , 525.91 , 297.04 , 262.98 , 560.02 , 253.32 , 189.04 , 442.36 ," 2,278.25 ", 542.22 , 252.61 , 794.83 , 397.59 , 232.15 , 629.74 , 374.65 , 319.43 , 694.08 , 329.21 , 237.37 , 566.58 ," 2,685.23 ",+17.86 , 557.61 , 263.65 , 821.26 , 431.15 , 237.97 , 669.12 , 398.47 , 332.85 , 731.32 , 357.89 , 253.36 , 611.25 ," 2,832.95 ",+5.50 , 593.18 , 271.17 , 864.35 , 168.31 , 87.91 , 256.22 , 161.16 , 71.97 , 233.13 , 142.78 , 98.62 , 241.40 , 150.15 , 134.72 , 284.87 , 152.83 , 128.90 , 281.73 , 140.32 , 106.68 , 247.00 , 140.99 , 88.49 , 229.48 , 127.55 , 107.00 , 234.55 , 118.96 , 85.38 , 204.34 ," 3,077.07 ",+8.62 , 189.71 , 96.91 , 286.62 , 210.71 , 95.99 , 306.70 , 251.52 , 108.64 , 360.16 , 187.61 , 99.56 , 287.17 , 180.31 , 80.04 , 260.35 , 154.31 , 103.95 , 258.26 ," 1,759.26 ",+10.29 
34,05001,จังหวัดประจวบคีรีขันธ์,ประจวบคีรีขันธ์,ภาคกลางตอนล่าง 2," 23,167.99 "," 28,142.81 "," 31,648.01 "," 33,565.38 ",21.47%,12.46%,6.06%,13.33%,10.00%,1.50%, -   , -   , -   ,,11.50%," 6,113.73 "," 2,701.20 "," 8,814.93 "," 4,110.34 "," 1,969.25 "," 6,079.59 "," 3,383.51 "," 1,695.35 "," 5,078.86 "," 3,313.84 "," 2,335.16 "," 5,649.00 "," 25,622.38 "," 6,317.64 "," 2,780.47 "," 9,098.11 "," 4,606.10 "," 2,201.39 "," 6,807.49 "," 3,675.12 "," 1,854.76 "," 5,529.88 "," 3,681.57 "," 2,617.50 "," 6,299.07 "," 27,734.55 ",+8.24 ," 6,720.85 "," 2,911.19 "," 9,632.04 "," 4,800.74 "," 2,376.62 "," 7,177.36 "," 3,844.37 "," 1,952.26 "," 5,796.63 "," 3,936.07 "," 2,615.95 "," 6,552.02 "," 29,158.05 ",+5.13 ," 7,059.18 "," 2,934.97 "," 9,994.15 "," 1,640.90 ", 962.85 ," 2,603.75 "," 1,593.76 ", 850.60 ," 2,444.36 "," 1,741.43 ", 696.35 ," 2,437.78 "," 1,464.36 ", 832.88 ," 2,297.24 "," 1,334.92 ", 640.94 ," 1,975.86 "," 1,249.57 ", 684.56 ," 1,934.13 "," 1,292.68 ", 963.79 ," 2,256.47 "," 1,584.88 ", 961.60 ," 2,546.48 "," 1,293.47 ", 888.35 ," 2,181.82 "," 30,672.04 ",+5.19 ," 2,430.65 "," 1,138.32 "," 3,568.97 "," 2,414.11 "," 1,060.66 "," 3,474.77 "," 3,005.41 "," 1,061.26 "," 4,066.67 "," 2,393.43 "," 1,255.06 "," 3,648.49 "," 2,105.43 "," 1,324.93 "," 3,430.36 "," 2,282.43 ", 729.59 ," 3,012.02 "," 21,201.28 ",+21.29 
35,03003,จังหวัดปราจีนบุรี,ปราจีนบุรี,ภาคกลางตอนกลาง," 3,069.55 "," 3,278.79 "," 3,500.40 "," 3,828.65 ",6.82%,6.76%,9.38%,7.65%,7.65%, -   , -   , -   , -   ,,7.65%, 592.88 , 131.04 , 723.92 , 832.99 , 65.60 , 898.59 , 815.18 , 96.66 , 911.84 , 631.67 , 35.07 , 666.74 ," 3,201.09 ", 606.55 , 132.67 , 739.22 , 852.45 , 67.80 , 920.25 , 896.81 , 96.20 , 993.01 , 670.92 , 38.33 , 709.25 ," 3,361.73 ",+5.02 , 734.71 , 147.27 , 881.98 , 889.09 , 70.41 , 959.50 , 925.22 , 99.88 ," 1,025.10 ", 766.21 , 42.63 , 808.84 ," 3,675.42 ",+9.33 , 802.40 , 155.11 , 957.51 , 330.97 , 30.26 , 361.23 , 307.55 , 26.18 , 333.73 , 310.76 , 18.72 , 329.48 , 308.24 , 40.18 , 348.42 , 370.94 , 35.24 , 406.18 , 304.66 , 31.87 , 336.53 , 268.79 , 15.86 , 284.65 , 279.98 , 16.01 , 295.99 , 281.28 , 15.23 , 296.51 ," 3,950.23 ",+7.48 , 271.32 , 50.76 , 322.08 , 284.33 , 54.78 , 339.11 , 305.47 , 61.83 , 367.30 , 409.37 , 33.54 , 442.91 , 382.28 , 31.26 , 413.54 , 397.99 , 21.89 , 419.88 ," 2,304.82 ",+16.29 
36,08002,จังหวัดปัตตานี,ปัตตานี,ภาคใต้ชายแดน, 763.44 , 776.96 , 834.31 , 892.25 ,1.77%,7.38%,6.94%,5.37%,5.37%, -   , -   , -   , -   ,,5.37%, 139.73 , 2.63 , 142.36 , 186.67 , 1.69 , 188.36 , 206.44 , 1.01 , 207.45 , 234.60 , 1.84 , 236.44 , 774.61 , 151.41 , 2.68 , 154.09 , 207.07 , 1.95 , 209.02 , 214.58 , 1.05 , 215.63 , 250.28 , 2.08 , 252.36 , 831.10 ,+7.29 , 181.50 , 3.09 , 184.59 , 224.12 , 2.23 , 226.35 , 227.94 , 1.32 , 229.26 , 252.52 , 2.12 , 254.64 , 894.84 ,+7.67 , 195.54 , 3.11 , 198.65 , 74.32 , 0.61 , 74.93 , 79.80 , 1.20 , 81.00 , 83.57 , 0.51 , 84.08 , 85.31 , 0.65 , 85.96 , 86.57 , 0.55 , 87.12 , 74.18 , 0.50 , 74.68 , 99.67 , 0.81 , 100.48 , 84.24 , 0.91 , 85.15 , 93.34 , 0.76 , 94.10 , 966.15 ,+7.97 , 67.98 , 0.88 , 68.86 , 74.38 , 1.15 , 75.53 , 72.57 , 1.38 , 73.95 , 84.81 , 0.85 , 85.66 , 82.66 , 1.11 , 83.77 , 89.43 , 0.90 , 90.33 , 478.10 ,+8.99 
37,01003,จังหวัดพระนครศรีอยุธยา,พระนครศรีอยุธยา,ภาคกลางตอนบน 1," 12,264.77 "," 13,714.82 "," 16,311.27 "," 17,112.96 ",11.82%,18.93%,4.91%,11.89%,10.00%, -   , -   , -   , -   ,,10.00%," 2,562.09 "," 1,150.55 "," 3,712.64 "," 1,821.74 ", 854.55 ," 2,676.29 "," 2,493.62 "," 1,367.67 "," 3,861.29 "," 1,768.61 ", 914.71 ," 2,683.32 "," 12,933.54 "," 2,929.10 "," 1,296.66 "," 4,225.76 "," 1,902.07 ", 883.33 ," 2,785.40 "," 2,739.48 "," 1,501.23 "," 4,240.71 "," 2,074.70 "," 1,033.20 "," 3,107.90 "," 14,359.77 ",+11.03 ," 3,035.86 "," 1,315.30 "," 4,351.16 "," 2,013.76 ", 916.82 ," 2,930.58 "," 2,921.76 "," 1,561.42 "," 4,483.18 "," 2,231.74 "," 1,108.83 "," 3,340.57 "," 15,105.49 ",+5.19 ," 3,212.25 "," 1,343.11 "," 4,555.36 ", 791.29 , 344.10 ," 1,135.39 ", 660.86 , 348.85 ," 1,009.71 ", 716.34 , 288.75 ," 1,005.09 "," 1,123.33 ", 571.46 ," 1,694.79 "," 1,057.48 ", 570.04 ," 1,627.52 ", 939.16 , 561.15 ," 1,500.31 ", 812.00 , 410.25 ," 1,222.25 ", 840.54 , 447.08 ," 1,287.62 ", 816.04 , 364.12 ," 1,180.16 "," 16,218.20 ",+7.37 ," 1,081.85 ", 452.28 ," 1,534.13 "," 1,156.75 ", 475.80 ," 1,632.55 "," 1,297.77 ", 555.25 ," 1,853.02 ", 867.78 , 375.72 ," 1,243.50 ", 765.75 , 408.40 ," 1,174.15 ", 903.04 , 319.68 ," 1,222.72 "," 8,660.07 ",+12.39 
38,16003,จังหวัดพะเยา,พะเยา,ภาคเหนือตอนบน 2, 976.99 , 991.61 ," 1,103.09 "," 1,179.18 ",1.50%,11.24%,6.90%,6.55%,6.55%, -   , -   , -   , -   ,,6.55%, 327.59 , 14.03 , 341.62 , 234.22 , 8.15 , 242.37 , 154.43 , 3.84 , 158.27 , 263.69 , 3.94 , 267.63 ," 1,009.89 ", 336.55 , 14.09 , 350.64 , 281.46 , 9.02 , 290.48 , 159.19 , 3.91 , 163.10 , 281.51 , 4.37 , 285.88 ," 1,090.10 ",+7.94 , 360.45 , 14.92 , 375.37 , 297.58 , 9.59 , 307.17 , 170.42 , 4.33 , 174.75 , 302.58 , 4.75 , 307.33 ," 1,164.62 ",+6.84 , 389.73 , 16.34 , 406.07 , 118.41 , 3.86 , 122.27 , 96.98 , 2.59 , 99.57 , 96.10 , 3.54 , 99.64 , 68.47 , 1.91 , 70.38 , 55.60 , 1.31 , 56.91 , 57.45 , 1.35 , 58.80 , 108.75 , 1.90 , 110.65 , 108.86 , 1.34 , 110.20 , 102.69 , 1.79 , 104.48 ," 1,238.97 ",+6.38 , 113.95 , 4.99 , 118.94 , 144.02 , 5.99 , 150.01 , 162.14 , 6.58 , 168.72 , 133.58 , 4.49 , 138.07 , 108.96 , 3.46 , 112.42 , 104.31 , 3.95 , 108.26 , 796.42 ,+9.47 
39,07003,จังหวัดพังงา,พังงา,ภาคใต้ฝั่งอันดามัน," 13,500.09 "," 20,685.12 "," 48,779.67 "," 55,042.43 ",53.22%,135.82%,12.84%,67.29%,10.00%,1.50%, -   , -   , -   ,,11.50%, 688.63 ," 4,569.49 "," 5,258.12 "," 1,561.41 "," 8,158.01 "," 9,719.42 ", 949.79 ," 4,572.40 "," 5,522.19 ", 480.06 ," 3,546.83 "," 4,026.89 "," 24,526.62 "," 1,073.98 "," 8,987.32 "," 10,061.30 "," 1,771.16 "," 10,986.96 "," 12,758.12 "," 1,155.40 "," 6,442.74 "," 7,598.14 ", 538.08 ," 4,872.12 "," 5,410.20 "," 35,827.76 ",+46.08 ," 1,294.76 "," 10,153.53 "," 11,448.29 "," 1,906.87 "," 12,717.75 "," 14,624.62 "," 1,278.77 "," 7,411.90 "," 8,690.67 ", 598.58 ," 5,695.31 "," 6,293.89 "," 41,057.47 ",+14.60 ," 1,403.39 "," 11,606.92 "," 13,010.31 ", 798.06 ," 4,139.35 "," 4,937.41 ", 599.37 ," 4,522.44 "," 5,121.81 ", 635.14 ," 4,378.72 "," 5,013.86 ", 573.89 ," 2,955.56 "," 3,529.45 ", 502.80 ," 2,848.33 "," 3,351.13 ", 326.40 ," 2,787.12 "," 3,113.52 ", 158.35 ," 2,297.36 "," 2,455.71 ", 179.95 ," 1,986.16 "," 2,166.11 ", 289.87 ," 1,957.25 "," 2,247.12 "," 44,946.43 ",+9.47 , 704.36 ," 3,855.60 "," 4,559.96 ", 476.79 ," 4,194.71 "," 4,671.50 ", 391.91 ," 5,151.35 "," 5,543.26 ", 848.65 ," 4,784.45 "," 5,633.10 ", 683.88 ," 5,134.05 "," 5,817.93 ", 728.38 ," 4,880.89 "," 5,609.27 "," 31,835.02 ",+13.36 
40,06003,จังหวัดพัทลุง,พัทลุง,ภาคใต้ฝั่งอ่าวไทย," 2,088.88 "," 2,213.72 "," 2,449.55 "," 2,872.26 ",5.98%,10.65%,17.26%,11.30%,10.00%, -   , -   ,1.50%,1.50%,1.50%,11.50%, 694.02 , 4.79 , 698.81 , 350.43 , 4.46 , 354.89 , 527.70 , 13.29 , 540.99 , 605.58 , 6.08 , 611.66 ," 2,206.35 ", 757.28 , 4.79 , 762.07 , 387.18 , 4.68 , 391.86 , 589.95 , 14.73 , 604.68 , 671.24 , 6.85 , 678.09 ," 2,436.70 ",+10.44 , 874.49 , 5.65 , 880.14 , 453.95 , 5.03 , 458.98 , 671.02 , 16.39 , 687.41 , 808.29 , 8.15 , 816.44 ," 2,842.97 ",+16.67 , 951.31 , 6.05 , 957.36 , 156.03 , 2.33 , 158.36 , 157.53 , 2.24 , 159.77 , 164.29 , 0.96 , 165.25 , 257.75 , 5.80 , 263.55 , 261.75 , 7.42 , 269.17 , 221.96 , 5.45 , 227.41 , 306.62 , 3.19 , 309.81 , 291.11 , 3.16 , 294.27 , 278.06 , 3.02 , 281.08 ," 3,086.03 ",+8.55 , 378.50 , 2.20 , 380.70 , 357.08 , 2.24 , 359.32 , 331.88 , 2.36 , 334.24 , 177.43 , 2.49 , 179.92 , 178.43 , 2.40 , 180.83 , 182.46 , 2.11 , 184.57 ," 1,619.58 ",+12.41 
41,18003,จังหวัดพิจิตร,พิจิตร,ภาคเหนือตอนล่าง 2, 588.48 , 610.17 ," 1,089.98 "," 1,315.12 ",3.69%,78.64%,20.66%,34.33%,10.00%, -   , -   , -   , -   ,,10.00%, 204.23 , 1.92 , 206.15 , 149.32 , 1.47 , 150.79 , 111.90 , 2.58 , 114.48 , 142.11 , 0.74 , 142.85 , 614.27 , 208.99 , 1.94 , 210.93 , 331.94 , 1.99 , 333.93 , 245.31 , 3.27 , 248.58 , 292.32 , 0.88 , 293.20 ," 1,086.64 ",+76.90 , 398.99 , 2.63 , 401.62 , 337.80 , 2.17 , 339.97 , 257.52 , 3.43 , 260.95 , 307.10 , 0.96 , 308.06 ," 1,310.60 ",+20.61 , 415.48 , 2.83 , 418.31 , 119.73 , 0.77 , 120.50 , 121.27 , 0.79 , 122.06 , 112.50 , 0.72 , 113.22 , 90.52 , 1.37 , 91.89 , 91.90 , 1.23 , 93.13 , 82.90 , 0.98 , 83.88 , 104.43 , 0.26 , 104.69 , 115.45 , 0.39 , 115.84 , 101.40 , 0.37 , 101.77 ," 1,365.29 ",+4.17 , 131.66 , 1.20 , 132.86 , 146.09 , 0.93 , 147.02 , 155.29 , 0.82 , 156.11 , 126.82 , 0.84 , 127.66 , 126.24 , 0.69 , 126.93 , 123.59 , 0.89 , 124.48 , 815.06 ,+5.29 
42,17002,จังหวัดพิษณุโลก,พิษณุโลก,ภาคเหนือตอนล่าง 1," 6,008.33 "," 6,517.61 "," 7,219.62 "," 7,626.52 ",8.48%,10.77%,5.64%,8.29%,8.29%, -   , -   ,1.50%, -   ,,9.79%," 1,593.83 ", 268.65 ," 1,862.48 "," 1,873.35 ", 148.28 ," 2,021.63 "," 1,224.13 ", 128.94 ," 1,353.07 "," 1,050.18 ", 98.43 ," 1,148.61 "," 6,385.79 "," 1,633.49 ", 270.15 ," 1,903.64 "," 1,987.39 ", 154.16 ," 2,141.55 "," 1,413.28 ", 145.73 ," 1,559.01 "," 1,221.56 ", 111.67 ," 1,333.23 "," 6,937.43 ",+8.64 ," 1,780.48 ", 283.74 ," 2,064.22 "," 2,070.23 ", 163.74 ," 2,233.97 "," 1,465.27 ", 150.80 ," 1,616.07 "," 1,286.24 ", 114.55 ," 1,400.79 "," 7,315.05 ",+5.44 ," 1,894.75 ", 291.85 ," 2,186.60 ", 802.02 , 59.11 , 861.13 , 702.73 , 61.02 , 763.75 , 695.53 , 53.16 , 748.69 , 542.90 , 58.81 , 601.71 , 498.01 , 48.74 , 546.75 , 485.91 , 50.32 , 536.23 , 429.04 , 43.25 , 472.29 , 481.13 , 40.01 , 521.14 , 462.75 , 40.30 , 503.05 ," 7,741.34 ",+5.83 , 600.48 , 96.28 , 696.76 , 655.76 , 107.31 , 763.07 , 736.89 , 106.21 , 843.10 , 892.82 , 73.46 , 966.28 , 805.70 , 73.70 , 879.40 , 754.50 , 55.65 , 810.15 ," 4,958.76 ",+8.74 
43,07004,จังหวัดภูเก็ต,ภูเก็ต,ภาคใต้ฝั่งอันดามัน," 233,376.63 "," 329,857.30 "," 409,771.79 "," 458,287.57 ",41.34%,24.23%,11.84%,25.80%,10.00%,1.50%, -   , -   , -   ,,11.50%," 12,082.92 "," 74,070.13 "," 86,153.05 "," 13,347.33 "," 87,702.04 "," 101,049.37 "," 5,394.50 "," 44,753.66 "," 50,148.16 "," 6,385.63 "," 19,879.92 "," 26,265.55 "," 263,616.13 "," 11,247.80 "," 70,579.62 "," 81,827.42 "," 14,237.52 "," 100,328.99 "," 114,566.51 "," 6,162.00 "," 57,434.76 "," 63,596.76 "," 8,400.38 "," 33,141.14 "," 41,541.52 "," 301,532.21 ",+14.38 ," 11,674.05 "," 81,626.79 "," 93,300.84 "," 15,621.21 "," 125,423.97 "," 141,045.18 "," 6,898.37 "," 70,935.47 "," 77,833.84 "," 9,386.82 "," 41,433.79 "," 50,820.61 "," 363,000.47 ",+20.39 ," 12,084.81 "," 96,093.65 "," 108,178.46 "," 4,099.03 "," 42,720.08 "," 46,819.11 "," 6,306.88 "," 32,500.68 "," 38,807.56 "," 5,896.46 "," 40,166.17 "," 46,062.63 "," 3,751.36 "," 29,646.89 "," 33,398.25 ", 984.04 ," 27,761.76 "," 28,745.80 "," 3,207.17 "," 28,987.73 "," 32,194.90 "," 2,856.39 "," 16,270.78 "," 19,127.17 "," 4,240.88 "," 14,152.34 "," 18,393.22 "," 3,330.12 "," 16,822.92 "," 20,153.04 "," 391,880.14 ",+7.96 ," 3,709.85 "," 35,148.24 "," 38,858.09 "," 3,747.84 "," 33,773.34 "," 37,521.18 "," 5,686.20 "," 42,757.65 "," 48,443.85 "," 4,624.45 "," 58,987.50 "," 63,611.95 "," 7,197.04 "," 50,365.21 "," 57,562.25 "," 6,345.48 "," 53,311.81 "," 59,657.29 "," 305,654.61 ",+27.43 
44,12003,จังหวัดมหาสารคาม,มหาสารคาม,ภาคตะวันออกเฉียงเหนือตอนกลาง, 608.04 , 622.15 , 677.06 ," 1,070.66 ",2.32%,8.83%,58.13%,23.09%,10.00%, -   , -   , -   , -   ,,10.00%, 165.07 , 5.55 , 170.62 , 145.34 , 3.02 , 148.36 , 195.44 , 2.81 , 198.25 , 124.70 , 1.97 , 126.67 , 643.90 , 167.80 , 5.57 , 173.37 , 151.21 , 3.21 , 154.42 , 205.53 , 3.06 , 208.59 , 132.88 , 2.05 , 134.93 , 671.31 ,+4.26 , 170.06 , 5.30 , 175.36 , 247.35 , 4.10 , 251.45 , 334.32 , 4.30 , 338.62 , 200.26 , 2.23 , 202.49 , 967.92 ,+44.18 , 268.32 , 6.06 , 274.38 , 95.76 , 2.11 , 97.87 , 82.16 , 1.48 , 83.64 , 88.02 , 0.88 , 88.90 , 116.03 , 1.62 , 117.65 , 112.82 , 1.57 , 114.39 , 111.06 , 1.27 , 112.33 , 63.48 , 0.65 , 64.13 , 74.58 , 0.89 , 75.47 , 71.80 , 0.87 , 72.67 ," 1,101.43 ",+13.79 , 83.78 , 1.77 , 85.55 , 101.56 , 1.89 , 103.45 , 95.21 , 2.80 , 98.01 , 98.39 , 2.20 , 100.59 , 84.93 , 1.62 , 86.55 , 91.53 , 1.19 , 92.72 , 566.87 ,+4.05 
45,11002,จังหวัดมุกดาหาร,มุกดาหาร,ภาคตะวันออกเฉียงเหนือตอนบน 2," 1,782.74 "," 1,991.75 "," 2,633.44 "," 2,940.26 ",11.72%,32.22%,11.65%,18.53%,10.00%, -   , -   , -   ,1.50%,,11.50%, 408.63 , 62.29 , 470.92 , 526.16 , 56.35 , 582.51 , 343.50 , 60.50 , 404.00 , 419.78 , 57.94 , 477.72 ," 1,935.15 ", 461.67 , 69.17 , 530.84 , 695.42 , 59.27 , 754.69 , 452.29 , 76.36 , 528.65 , 632.09 , 72.42 , 704.51 ," 2,518.69 ",+30.15 , 576.92 , 83.52 , 660.44 , 750.85 , 61.66 , 812.51 , 486.58 , 80.18 , 566.76 , 674.90 , 76.50 , 751.40 ," 2,791.11 ",+10.82 , 616.10 , 89.14 , 705.24 , 279.92 , 23.93 , 303.85 , 258.52 , 21.44 , 279.96 , 273.27 , 22.39 , 295.66 , 183.60 , 35.31 , 218.91 , 175.55 , 26.33 , 201.88 , 159.27 , 23.60 , 182.87 , 243.78 , 27.99 , 271.77 , 238.85 , 25.85 , 264.70 , 242.94 , 28.29 , 271.23 ," 2,996.07 ",+7.34 , 208.29 , 27.36 , 235.65 , 214.91 , 32.86 , 247.77 , 236.36 , 35.96 , 272.32 , 324.99 , 27.10 , 352.09 , 295.50 , 24.65 , 320.15 , 298.52 , 22.46 , 320.98 ," 1,748.96 ",+10.36 
46,14001,จังหวัดยโสธร,ยโสธร,ภาคตะวันออกเฉียงเหนือตอนล่าง 2, 557.29 , 588.45 , 612.92 , 647.93 ,5.59%,4.16%,5.71%,5.15%,5.15%, -   , -   , -   ,1.50%,,6.65%, 121.71 , 7.82 , 129.53 , 129.57 , 5.79 , 135.36 , 219.11 , 9.65 , 228.76 , 84.85 , 3.89 , 88.74 , 582.39 , 121.04 , 7.72 , 128.76 , 133.85 , 5.97 , 139.82 , 225.44 , 10.44 , 235.88 , 92.42 , 4.28 , 96.70 , 601.16 ,+3.22 , 128.77 , 8.01 , 136.78 , 142.12 , 6.45 , 148.57 , 237.57 , 10.89 , 248.46 , 99.40 , 4.74 , 104.14 , 637.95 ,+6.12 , 137.18 , 8.50 , 145.68 , 52.33 , 2.63 , 54.96 , 49.11 , 2.29 , 51.40 , 51.46 , 1.92 , 53.38 , 82.18 , 3.63 , 85.81 , 92.66 , 4.20 , 96.86 , 80.58 , 3.77 , 84.35 , 37.82 , 1.86 , 39.68 , 34.42 , 1.57 , 35.99 , 33.72 , 1.61 , 35.33 , 683.44 ,+7.13 , 46.22 , 2.66 , 48.88 , 49.91 , 3.10 , 53.01 , 49.46 , 3.16 , 52.62 , 66.12 , 3.61 , 69.73 , 60.48 , 3.77 , 64.25 , 64.53 , 2.02 , 66.55 , 355.04 ,+16.25 
47,08003,จังหวัดยะลา,ยะลา,ภาคใต้ชายแดน," 2,402.24 "," 3,141.56 "," 3,574.93 "," 3,866.64 ",30.78%,13.80%,8.16%,17.58%,10.00%, -   , -   , -   , -   ,,10.00%, 98.72 , 580.49 , 679.21 , 78.07 , 424.24 , 502.31 , 48.62 , 611.01 , 659.63 , 153.00 , 500.75 , 653.75 ," 2,494.90 ", 109.26 , 594.74 , 704.00 , 85.08 , 449.18 , 534.26 , 53.24 , 657.11 , 710.35 , 164.93 , 535.57 , 700.50 ," 2,649.11 ",+6.18 , 130.89 , 653.28 , 784.17 , 92.83 , 497.06 , 589.89 , 56.15 , 687.51 , 743.66 , 181.94 , 575.66 , 757.60 ," 2,875.32 ",+8.54 , 136.46 , 658.68 , 795.14 , 34.87 , 179.48 , 214.35 , 36.53 , 171.67 , 208.20 , 27.11 , 181.30 , 208.41 , 24.91 , 262.97 , 287.88 , 22.88 , 256.97 , 279.85 , 13.06 , 258.03 , 271.09 , 65.51 , 208.59 , 274.10 , 85.44 , 222.08 , 307.52 , 52.72 , 210.05 , 262.77 ," 3,109.31 ",+8.14 , 56.68 , 246.58 , 303.26 , 39.54 , 251.91 , 291.45 , 52.99 , 212.70 , 265.69 , 38.83 , 194.22 , 233.05 , 43.60 , 194.79 , 238.39 , 26.28 , 193.05 , 219.33 ," 1,551.17 ",+8.77 
48,12004,จังหวัดร้อยเอ็ด,ร้อยเอ็ด,ภาคตะวันออกเฉียงเหนือตอนกลาง, 893.51 , 925.47 , 998.39 ," 1,320.68 ",3.58%,7.88%,32.28%,14.58%,10.00%, -   , -   , -   , -   ,,10.00%, 319.60 , 1.68 , 321.28 , 172.07 , 2.86 , 174.93 , 198.87 , 2.92 , 201.79 , 229.50 , 0.98 , 230.48 , 928.48 , 334.00 , 1.79 , 335.79 , 181.71 , 2.87 , 184.58 , 221.92 , 3.36 , 225.28 , 247.81 , 1.14 , 248.95 , 994.60 ,+7.12 , 349.06 , 1.87 , 350.93 , 254.16 , 4.10 , 258.26 , 298.12 , 3.99 , 302.11 , 320.76 , 1.33 , 322.09 ," 1,233.39 ",+24.01 , 395.93 , 2.06 , 397.99 , 101.29 , 1.59 , 102.88 , 96.40 , 1.86 , 98.26 , 76.48 , 0.93 , 77.41 , 105.88 , 1.51 , 107.39 , 97.87 , 1.39 , 99.26 , 104.15 , 1.22 , 105.37 , 104.79 , 0.49 , 105.28 , 116.50 , 0.50 , 117.00 , 108.51 , 0.39 , 108.90 ," 1,319.74 ",+7.00 , 141.34 , 0.80 , 142.14 , 133.26 , 0.65 , 133.91 , 139.15 , 0.70 , 139.85 , 109.75 , 1.86 , 111.61 , 99.14 , 1.47 , 100.61 , 82.74 , 1.42 , 84.16 , 712.28 ,+5.28 
49,07005,จังหวัดระนอง,ระนอง,ภาคใต้ฝั่งอันดามัน," 3,096.58 "," 3,284.10 "," 3,746.83 "," 4,072.82 ",6.06%,14.09%,8.70%,9.62%,9.62%, -   , -   ,1.50%, -   ,,11.12%, 632.35 , 46.03 , 678.38 , 698.72 , 91.25 , 789.97 , 854.24 , 60.92 , 915.16 , 813.58 , 75.25 , 888.83 ," 3,272.34 ", 681.64 , 46.96 , 728.60 , 773.52 , 99.03 , 872.55 ," 1,009.09 ", 70.23 ," 1,079.32 ", 861.93 , 81.28 , 943.21 ," 3,623.68 ",+10.74 , 777.37 , 54.25 , 831.62 , 866.24 , 105.21 , 971.45 ," 1,050.11 ", 75.02 ," 1,125.13 ", 940.46 , 86.09 ," 1,026.55 "," 3,954.75 ",+9.14 , 796.64 , 58.03 , 854.67 , 302.94 , 36.17 , 339.11 , 293.28 , 39.85 , 333.13 , 308.64 , 33.21 , 341.85 , 464.09 , 31.36 , 495.45 , 374.98 , 24.71 , 399.69 , 339.13 , 32.59 , 371.72 , 323.34 , 25.29 , 348.63 , 318.88 , 33.33 , 352.21 , 340.98 , 35.45 , 376.43 ," 4,212.89 ",+6.53 , 272.54 , 27.91 , 300.45 , 282.62 , 21.29 , 303.91 , 297.24 , 20.55 , 317.79 , 323.29 , 44.30 , 367.59 , 337.98 , 47.11 , 385.09 , 359.54 , 42.74 , 402.28 ," 2,077.11 ",+11.15 
50,09004,จังหวัดระยอง,ระยอง,ภาคตะวันออก," 23,101.33 "," 25,216.96 "," 28,647.13 "," 31,581.22 ",9.16%,13.60%,10.24%,11.00%,10.00%, -   ,,1.50%,1.50%,1.50%,11.50%," 7,655.53 "," 1,073.29 "," 8,728.82 "," 3,688.86 ", 900.55 ," 4,589.41 "," 4,891.90 ", 662.43 ," 5,554.33 "," 4,784.48 ", 936.35 ," 5,720.83 "," 24,593.39 "," 8,131.40 "," 1,127.88 "," 9,259.28 "," 4,298.99 ", 975.36 ," 5,274.35 "," 5,701.89 ", 711.24 ," 6,413.13 "," 5,072.57 "," 1,034.53 "," 6,107.10 "," 27,053.86 ",+10.00 ," 9,273.34 "," 1,311.74 "," 10,585.08 "," 4,577.68 "," 1,000.25 "," 5,577.93 "," 6,343.11 ", 727.46 ," 7,070.57 "," 5,609.57 "," 1,100.52 "," 6,710.09 "," 29,943.67 ",+10.68 ," 9,853.17 "," 1,402.68 "," 11,255.85 "," 1,571.17 ", 369.85 ," 1,941.02 "," 1,618.94 ", 340.28 ," 1,959.22 "," 1,668.60 ", 334.56 ," 2,003.16 "," 2,710.49 ", 290.37 ," 3,000.86 "," 2,279.43 ", 287.57 ," 2,567.00 "," 2,047.30 ", 222.52 ," 2,269.82 "," 2,080.39 ", 425.11 ," 2,505.50 "," 1,985.64 ", 370.79 ," 2,356.43 "," 1,944.87 ", 432.39 ," 2,377.26 "," 32,236.12 ",+7.66 ," 3,233.67 ", 445.55 ," 3,679.22 "," 3,699.81 ", 538.63 ," 4,238.44 "," 3,733.95 ", 555.84 ," 4,289.79 "," 1,838.37 ", 425.04 ," 2,263.41 "," 1,842.13 ", 413.23 ," 2,255.36 "," 1,960.28 ", 385.90 ," 2,346.18 "," 19,072.40 ",+11.15 
51,04003,จังหวัดราชบุรี,ราชบุรี,ภาคกลางตอนล่าง 1," 1,663.34 "," 1,825.10 "," 2,173.76 "," 2,659.83 ",9.73%,19.10%,22.36%,17.06%,10.00%, -   ,1.50%, -   , -   ,,11.50%, 484.94 , 31.25 , 516.19 , 353.29 , 15.26 , 368.55 , 396.45 , 9.27 , 405.72 , 533.90 , 20.67 , 554.57 ," 1,845.03 ", 507.02 , 32.10 , 539.12 , 426.94 , 19.01 , 445.95 , 475.66 , 11.22 , 486.88 , 640.45 , 25.15 , 665.60 ," 2,137.55 ",+15.85 , 616.28 , 36.16 , 652.44 , 564.73 , 23.44 , 588.17 , 582.94 , 15.60 , 598.54 , 799.41 , 27.77 , 827.18 ," 2,666.33 ",+24.74 , 763.69 , 40.89 , 804.58 , 253.85 , 8.58 , 262.43 , 187.49 , 9.11 , 196.60 , 169.88 , 8.94 , 178.82 , 267.55 , 6.35 , 273.90 , 202.85 , 5.09 , 207.94 , 180.97 , 5.88 , 186.85 , 307.73 , 9.61 , 317.34 , 288.38 , 10.62 , 299.00 , 277.43 , 10.19 , 287.62 ," 3,015.08 ",+13.08 , 249.56 , 13.17 , 262.73 , 282.34 , 13.86 , 296.20 , 313.22 , 17.54 , 330.76 , 380.06 , 10.09 , 390.15 , 270.75 , 11.23 , 281.98 , 225.34 , 10.70 , 236.04 ," 1,797.86 ",+24.64 
52,02002,จังหวัดลพบุรี,ลพบุรี,ภาคกลางตอนบน 2," 3,939.13 "," 3,965.76 "," 4,442.45 "," 4,657.44 ",0.68%,12.02%,4.84%,5.85%,5.85%, -   , -   , -   ,1.50%,,7.35%," 1,303.78 ", 5.22 ," 1,309.00 ", 845.39 , 9.46 , 854.85 , 834.54 , 8.17 , 842.71 ," 1,080.89 ", 4.95 ," 1,085.84 "," 4,092.40 "," 1,292.19 ", 5.15 ," 1,297.34 ", 980.31 , 10.73 , 991.04 , 909.81 , 8.79 , 918.60 ," 1,217.54 ", 5.46 ," 1,223.00 "," 4,429.98 ",+8.25 ," 1,345.07 ", 7.17 ," 1,352.24 "," 1,037.65 ", 11.09 ," 1,048.74 ", 931.46 , 8.94 , 940.40 ," 1,359.45 ", 6.65 ," 1,366.10 "," 4,707.48 ",+6.26 ," 1,446.18 ", 8.12 ," 1,454.30 ", 370.39 , 4.48 , 374.87 , 353.71 , 3.77 , 357.48 , 368.79 , 3.38 , 372.17 , 330.39 , 3.63 , 334.02 , 326.06 , 3.16 , 329.22 , 332.79 , 3.04 , 335.83 , 524.24 , 2.17 , 526.41 , 505.50 , 2.58 , 508.08 , 444.32 , 2.56 , 446.88 ," 5,039.26 ",+7.05 , 504.56 , 2.79 , 507.35 , 533.53 , 3.05 , 536.58 , 571.62 , 3.11 , 574.73 , 448.12 , 5.41 , 453.53 , 435.54 , 4.61 , 440.15 , 440.89 , 3.72 , 444.61 ," 2,956.95 ",+15.56 
53,15003,จังหวัดลำปาง,ลำปาง,ภาคเหนือตอนบน 1," 2,242.75 "," 2,513.84 "," 2,848.22 "," 3,069.20 ",12.09%,13.30%,7.76%,11.05%,10.00%, -   ,1.50%, -   , -   ,,11.50%, 637.83 , 156.22 , 794.05 , 439.88 , 99.49 , 539.37 , 496.60 , 41.21 , 537.81 , 522.37 , 43.67 , 566.04 ," 2,437.27 ", 702.50 , 159.18 , 861.68 , 496.96 , 108.53 , 605.49 , 564.42 , 46.37 , 610.79 , 575.11 , 46.07 , 621.18 ," 2,699.14 ",+10.74 , 799.20 , 168.48 , 967.68 , 527.33 , 110.45 , 637.78 , 593.41 , 49.23 , 642.64 , 602.68 , 48.92 , 651.60 ," 2,899.70 ",+7.43 , 858.51 , 178.42 ," 1,036.93 ", 206.84 , 44.14 , 250.98 , 169.41 , 38.02 , 207.43 , 177.82 , 34.47 , 212.29 , 234.66 , 19.03 , 253.69 , 200.91 , 15.92 , 216.83 , 192.62 , 16.77 , 209.39 , 212.25 , 18.87 , 231.12 , 211.66 , 16.04 , 227.70 , 209.50 , 16.92 , 226.42 ," 3,072.78 ",+5.97 , 279.52 , 58.79 , 338.31 , 319.98 , 72.21 , 392.19 , 335.19 , 63.07 , 398.26 , 241.83 , 49.87 , 291.70 , 198.58 , 48.39 , 246.97 , 206.83 , 35.65 , 242.48 ," 1,909.91 ",+11.85 
54,15004,จังหวัดลำพูน,ลำพูน,ภาคเหนือตอนบน 1," 1,020.00 "," 1,132.97 "," 1,328.90 "," 1,396.34 ",11.08%,17.29%,5.07%,11.15%,10.00%, -   , -   ,1.50%,1.50%,1.50%,11.50%, 368.31 , 17.94 , 386.25 , 296.57 , 21.70 , 318.27 , 232.33 , 8.08 , 240.41 , 174.71 , 4.42 , 179.13 ," 1,124.06 ", 395.68 , 18.53 , 414.21 , 367.30 , 24.67 , 391.97 , 278.77 , 9.56 , 288.33 , 205.20 , 5.20 , 210.40 ," 1,304.91 ",+16.09 , 425.63 , 19.79 , 445.42 , 380.16 , 25.25 , 405.41 , 287.67 , 10.29 , 297.96 , 219.18 , 5.42 , 224.60 ," 1,373.39 ",+5.25 , 436.43 , 20.81 , 457.24 , 143.76 , 10.50 , 154.26 , 118.55 , 8.25 , 126.80 , 139.57 , 7.77 , 147.34 , 107.05 , 3.88 , 110.93 , 97.93 , 3.07 , 101.00 , 91.31 , 3.53 , 94.84 , 78.95 , 2.07 , 81.02 , 73.96 , 1.96 , 75.92 , 79.95 , 1.74 , 81.69 ," 1,431.04 ",+4.20 , 132.76 , 7.39 , 140.15 , 159.23 , 7.40 , 166.63 , 181.21 , 7.52 , 188.73 , 155.92 , 11.29 , 167.21 , 128.74 , 9.27 , 138.01 , 149.77 , 8.65 , 158.42 , 959.15 ,+8.30 
55,14002,จังหวัดศรีสะเกษ,ศรีสะเกษ,ภาคตะวันออกเฉียงเหนือตอนล่าง 2," 1,570.34 "," 1,578.76 "," 1,764.26 "," 1,860.34 ",0.54%,11.75%,5.45%,5.91%,5.91%, -   , -   , -   , -   ,,5.91%, 289.15 , 6.91 , 296.06 , 595.09 , 12.24 , 607.33 , 433.61 , 10.96 , 444.57 , 285.91 , 10.59 , 296.50 ," 1,644.46 ", 293.95 , 7.02 , 300.97 , 634.50 , 12.56 , 647.06 , 455.39 , 11.54 , 466.93 , 319.32 , 12.09 , 331.41 ," 1,746.37 ",+6.20 , 313.53 , 7.69 , 321.22 , 667.18 , 13.01 , 680.19 , 481.07 , 12.11 , 493.18 , 340.65 , 12.91 , 353.56 ," 1,848.15 ",+5.83 , 331.40 , 8.38 , 339.78 , 241.95 , 5.09 , 247.04 , 220.28 , 4.37 , 224.65 , 257.78 , 4.62 , 262.40 , 181.97 , 5.27 , 187.24 , 165.12 , 4.04 , 169.16 , 170.18 , 3.93 , 174.11 , 123.50 , 4.65 , 128.15 , 126.09 , 5.09 , 131.18 , 116.80 , 4.32 , 121.12 ," 1,984.83 ",+7.40 , 114.58 , 2.69 , 117.27 , 116.38 , 2.98 , 119.36 , 120.06 , 3.33 , 123.39 , 256.81 , 5.50 , 262.31 , 233.20 , 4.52 , 237.72 , 259.99 , 5.03 , 265.02 ," 1,125.07 ",+4.77 
56,11003,จังหวัดสกลนคร,สกลนคร,ภาคตะวันออกเฉียงเหนือตอนบน 2," 1,518.46 "," 1,630.79 "," 1,758.83 "," 1,875.02 ",7.40%,7.85%,6.61%,7.29%,7.29%, -   , -   , -   ,1.50%,,8.79%, 369.76 , 2.31 , 372.07 , 389.41 , 1.64 , 391.05 , 503.39 , 5.46 , 508.85 , 351.35 , 1.79 , 353.14 ," 1,625.11 ", 405.67 , 2.48 , 408.15 , 423.05 , 1.76 , 424.81 , 526.97 , 5.57 , 532.54 , 386.60 , 1.89 , 388.49 ," 1,753.99 ",+7.93 , 432.56 , 2.60 , 435.16 , 460.63 , 1.80 , 462.43 , 562.63 , 5.89 , 568.52 , 402.69 , 2.00 , 404.69 ," 1,870.80 ",+6.66 , 456.36 , 2.70 , 459.06 , 174.15 , 0.79 , 174.94 , 160.00 , 0.58 , 160.58 , 166.92 , 0.57 , 167.49 , 198.88 , 2.62 , 201.50 , 206.88 , 2.00 , 208.88 , 192.80 , 1.67 , 194.47 , 131.05 , 0.65 , 131.70 , 146.63 , 0.73 , 147.36 , 138.24 , 0.67 , 138.91 ," 1,984.89 ",+6.10 , 153.71 , 0.81 , 154.52 , 162.69 , 0.88 , 163.57 , 169.69 , 1.19 , 170.88 , 209.27 , 1.05 , 210.32 , 182.91 , 0.90 , 183.81 , 189.65 , 0.65 , 190.30 ," 1,073.40 ",+11.57 
57,08004,จังหวัดสงขลา,สงขลา,ภาคใต้ชายแดน," 35,370.59 "," 48,285.39 "," 56,011.33 "," 61,118.14 ",36.51%,16.00%,9.12%,20.54%,10.00%, -   , -   , -   , -   ,,10.00%," 5,053.23 "," 3,730.17 "," 8,783.40 "," 5,864.46 "," 4,882.94 "," 10,747.40 "," 5,970.23 "," 5,138.97 "," 11,109.20 "," 6,134.13 "," 4,530.67 "," 10,664.80 "," 41,304.80 "," 5,703.51 "," 4,600.53 "," 10,304.04 "," 7,096.88 "," 5,500.52 "," 12,597.40 "," 6,580.37 "," 5,625.39 "," 12,205.76 "," 6,740.13 "," 5,413.34 "," 12,153.47 "," 47,260.67 ",+14.42 ," 6,423.72 "," 5,505.09 "," 11,928.81 "," 7,564.17 "," 6,279.57 "," 13,843.74 "," 6,906.10 "," 6,827.09 "," 13,733.19 "," 7,540.40 "," 6,446.88 "," 13,987.28 "," 53,493.02 ",+13.19 ," 6,536.00 "," 6,237.24 "," 12,773.24 "," 3,064.04 "," 2,030.72 "," 5,094.76 "," 2,579.84 "," 1,835.82 "," 4,415.66 "," 2,465.31 "," 2,341.08 "," 4,806.39 "," 2,880.15 "," 2,855.98 "," 5,736.13 "," 2,716.75 "," 2,581.81 "," 5,298.56 "," 2,015.94 "," 2,656.32 "," 4,672.26 "," 2,718.78 "," 2,241.80 "," 4,960.58 "," 2,952.54 "," 2,450.97 "," 5,403.51 "," 2,432.76 "," 2,782.54 "," 5,215.30 "," 58,376.39 ",+9.13 ," 2,506.41 "," 2,319.46 "," 4,825.87 "," 2,297.58 "," 2,248.31 "," 4,545.89 "," 2,362.63 "," 2,321.37 "," 4,684.00 "," 3,490.32 "," 2,740.29 "," 6,230.61 "," 2,985.59 "," 2,798.50 "," 5,784.09 "," 2,746.72 "," 2,993.36 "," 5,740.08 "," 31,810.54 ",+17.43 
58,08005,จังหวัดสตูล,สตูล,ภาคใต้ชายแดน," 5,565.96 "," 6,118.42 "," 7,114.08 "," 7,728.82 ",9.93%,16.27%,8.64%,11.61%,10.00%, -   , -   ,1.50%,1.50%,1.50%,11.50%, 971.99 , 173.26 ," 1,145.25 "," 3,084.78 ", 178.48 ," 3,263.26 ", 891.14 , 153.63 ," 1,044.77 ", 645.06 , 64.12 , 709.18 ," 6,162.46 "," 1,068.69 ", 202.05 ," 1,270.74 "," 3,442.20 ", 201.57 ," 3,643.77 "," 1,020.03 ", 172.79 ," 1,192.82 ", 669.92 , 69.47 , 739.39 ," 6,846.72 ",+11.10 ," 1,194.95 ", 229.61 ," 1,424.56 "," 3,726.25 ", 227.31 ," 3,953.56 "," 1,072.82 ", 182.07 ," 1,254.89 ", 731.13 , 74.71 , 805.84 ," 7,438.85 ",+8.65 ," 1,308.48 ", 237.23 ," 1,545.71 "," 1,315.35 ", 81.68 ," 1,397.03 "," 1,206.58 ", 82.64 ," 1,289.22 "," 1,369.75 ", 78.23 ," 1,447.98 ", 413.93 , 94.23 , 508.16 , 394.36 , 48.36 , 442.72 , 333.84 , 58.99 , 392.83 , 287.54 , 30.52 , 318.06 , 226.18 , 32.65 , 258.83 , 258.97 , 19.53 , 278.50 ," 7,879.04 ",+5.92 , 461.54 , 82.92 , 544.46 , 480.03 , 79.93 , 559.96 , 479.56 , 102.16 , 581.72 ," 1,510.94 ", 92.71 ," 1,603.65 "," 1,370.70 ", 84.02 ," 1,454.72 "," 1,557.52 ", 95.59 ," 1,653.11 "," 6,397.62 ",+12.64 
59,03004,จังหวัดสมุทรปราการ,สมุทรปราการ,ภาคกลางตอนกลาง," 3,646.12 "," 4,549.76 "," 5,721.44 "," 6,160.79 ",24.78%,25.75%,7.68%,19.41%,10.00%, -   , -   , -   , -   ,,10.00%, 504.01 , 316.49 , 820.50 , 458.07 , 751.50 ," 1,209.57 ", 621.39 , 349.44 , 970.83 , 462.43 , 464.22 , 926.65 ," 3,927.55 ", 578.25 , 359.20 , 937.45 , 613.90 , 962.95 ," 1,576.85 ", 748.07 , 411.70 ," 1,159.77 ", 550.56 , 551.01 ," 1,101.57 "," 4,775.64 ",+21.59 , 626.08 , 436.89 ," 1,062.97 ", 661.75 ," 1,013.88 "," 1,675.63 ", 784.43 , 424.08 ," 1,208.51 ", 618.20 , 601.22 ," 1,219.42 "," 5,166.53 ",+8.19 , 686.33 , 475.47 ," 1,161.80 ", 258.87 , 362.23 , 621.10 , 221.77 , 386.50 , 608.27 , 235.42 , 346.94 , 582.36 , 288.64 , 158.20 , 446.84 , 281.71 , 151.48 , 433.19 , 275.29 , 157.14 , 432.43 , 227.92 , 214.91 , 442.83 , 219.11 , 236.48 , 455.59 , 238.49 , 235.41 , 473.90 ," 5,658.31 ",+9.52 , 234.53 , 159.34 , 393.87 , 256.51 , 176.05 , 432.56 , 264.61 , 194.35 , 458.96 , 302.75 , 424.67 , 727.42 , 239.71 , 469.36 , 709.07 , 273.08 , 389.68 , 662.76 ," 3,384.64 ",+13.83 
60,05003,จังหวัดสมุทรสงคราม,สมุทรสงคราม,ภาคกลางตอนล่าง 2," 1,209.21 "," 1,420.23 "," 1,827.61 "," 2,084.38 ",17.45%,28.68%,14.05%,20.06%,10.00%, -   ,1.50%, -   , -   ,,11.50%, 441.85 , 12.99 , 454.84 , 348.80 , 9.32 , 358.12 , 302.83 , 6.14 , 308.97 , 313.21 , 11.04 , 324.25 ," 1,446.18 ", 526.42 , 14.20 , 540.62 , 490.41 , 11.47 , 501.88 , 357.12 , 8.04 , 365.16 , 387.18 , 13.31 , 400.49 ," 1,808.15 ",+25.03 , 625.45 , 17.04 , 642.49 , 538.61 , 12.63 , 551.24 , 398.72 , 9.45 , 408.17 , 429.28 , 15.20 , 444.48 ," 2,046.38 ",+13.18 , 686.58 , 19.02 , 705.60 , 198.57 , 4.97 , 203.54 , 198.40 , 4.52 , 202.92 , 183.43 , 4.23 , 187.66 , 142.22 , 3.80 , 146.02 , 144.89 , 2.95 , 147.84 , 146.97 , 3.47 , 150.44 , 157.65 , 5.37 , 163.02 , 162.40 , 5.86 , 168.26 , 153.31 , 5.56 , 158.87 ," 2,234.17 ",+9.18 , 222.23 , 6.37 , 228.60 , 257.44 , 7.68 , 265.12 , 296.56 , 7.59 , 304.15 , 296.47 , 6.72 , 303.19 , 287.10 , 8.38 , 295.48 , 267.03 , 5.36 , 272.39 ," 1,668.93 ",+28.41 
61,05004,จังหวัดสมุทรสาคร,สมุทรสาคร,ภาคกลางตอนล่าง 2," 1,519.48 "," 1,750.49 "," 2,155.51 "," 2,229.66 ",15.20%,23.14%,3.44%,13.93%,10.00%, -   , -   , -   , -   ,,10.00%, 821.82 , 1.93 , 823.75 , 363.81 , 1.10 , 364.91 , 378.33 , 0.75 , 379.08 , 269.44 , 0.97 , 270.41 ," 1,838.15 ", 951.26 , 2.15 , 953.41 , 425.02 , 1.24 , 426.26 , 433.72 , 0.86 , 434.58 , 337.73 , 1.25 , 338.98 ," 2,153.23 ",+17.14 , 974.92 , 2.36 , 977.28 , 434.94 , 1.45 , 436.39 , 453.17 , 1.01 , 454.18 , 368.99 , 1.35 , 370.34 ," 2,238.19 ",+3.95 ," 1,041.79 ", 2.53 ," 1,044.32 ", 156.45 , 0.65 , 157.10 , 158.28 , 0.53 , 158.81 , 152.74 , 0.42 , 153.16 , 154.57 , 0.42 , 154.99 , 162.96 , 0.32 , 163.28 , 155.93 , 0.34 , 156.27 , 132.89 , 0.40 , 133.29 , 137.16 , 0.56 , 137.72 , 122.06 , 0.46 , 122.52 ," 2,381.46 ",+6.40 , 377.27 , 0.96 , 378.23 , 387.63 , 0.81 , 388.44 , 377.49 , 0.99 , 378.48 , 168.76 , 0.74 , 169.50 , 171.88 , 0.62 , 172.50 , 166.00 , 0.51 , 166.51 ," 1,653.66 ",+9.27 
62,03005,จังหวัดสระแก้ว,สระแก้ว,ภาคกลางตอนกลาง," 4,050.01 "," 4,518.09 "," 4,958.52 "," 5,765.82 ",11.56%,9.75%,16.28%,12.53%,10.00%, -   , -   , -   , -   ,,10.00%," 1,006.26 ", 114.84 ," 1,121.10 ", 999.93 , 189.16 ," 1,189.09 ", 937.19 , 83.77 ," 1,020.96 ", 973.96 , 93.73 ," 1,067.69 "," 4,398.84 "," 1,057.63 ", 119.85 ," 1,177.48 "," 1,108.13 ", 201.04 ," 1,309.17 "," 1,055.07 ", 90.73 ," 1,145.80 "," 1,005.31 ", 106.35 ," 1,111.66 "," 4,744.11 ",+7.85 ," 1,212.66 ", 135.62 ," 1,348.28 "," 1,210.07 ", 207.14 ," 1,417.21 "," 1,274.63 ", 108.11 ," 1,382.74 "," 1,179.96 ", 116.95 ," 1,296.91 "," 5,445.14 ",+14.78 ," 1,498.02 ", 174.10 ," 1,672.12 ", 426.33 , 82.97 , 509.30 , 433.34 , 72.56 , 505.90 , 428.79 , 66.23 , 495.02 , 494.73 , 32.00 , 526.73 , 439.46 , 41.53 , 480.99 , 448.72 , 42.91 , 491.63 , 436.79 , 44.32 , 481.11 , 413.00 , 40.13 , 453.13 , 407.38 , 42.68 , 450.06 ," 6,065.99 ",+11.40 , 521.09 , 55.24 , 576.33 , 516.36 , 65.29 , 581.65 , 585.82 , 71.28 , 657.10 , 470.76 , 87.14 , 557.90 , 480.65 , 79.27 , 559.92 , 532.95 , 81.39 , 614.34 ," 3,547.24 ",+11.47 
63,01004,จังหวัดสระบุรี,สระบุรี,ภาคกลางตอนบน 1," 5,331.66 "," 5,566.95 "," 5,548.67 "," 5,843.11 ",4.41%,-0.33%,5.31%,3.13%,3.13%, -   ,1.50%, -   , -   ,,4.63%," 2,398.99 ", 111.60 ," 2,510.59 ", 772.27 , 26.76 , 799.03 ," 1,079.31 ", 15.25 ," 1,094.56 "," 1,000.59 ", 26.97 ," 1,027.56 "," 5,431.74 "," 2,183.00 ", 99.21 ," 2,282.21 ", 792.24 , 27.07 , 819.31 ," 1,172.67 ", 16.32 ," 1,188.99 "," 1,156.02 ", 30.49 ," 1,186.51 "," 5,477.02 ",+0.83 ," 2,262.94 ", 101.11 ," 2,364.05 ", 838.74 , 28.22 , 866.96 ," 1,245.43 ", 17.20 ," 1,262.63 "," 1,309.13 ", 33.09 ," 1,342.22 "," 5,835.86 ",+6.55 ," 2,435.63 ", 103.04 ," 2,538.67 ", 322.67 , 10.84 , 333.51 , 297.83 , 10.41 , 308.24 , 281.75 , 9.32 , 291.07 , 459.59 , 6.86 , 466.45 , 427.60 , 5.89 , 433.49 , 443.91 , 5.93 , 449.84 , 475.46 , 11.71 , 487.17 , 476.19 , 11.63 , 487.82 , 440.66 , 11.05 , 451.71 ," 6,247.97 ",+7.06 , 862.49 , 33.96 , 896.45 , 875.11 , 34.67 , 909.78 , 961.11 , 43.94 ," 1,005.05 ", 335.55 , 11.74 , 347.29 , 297.10 , 11.05 , 308.15 , 290.74 , 9.80 , 300.54 ," 3,767.26 ",+8.52 
64,02003,จังหวัดสิงห์บุรี,สิงห์บุรี,ภาคกลางตอนบน 2, 573.05 , 670.42 , 652.50 , 712.82 ,16.99%,-2.67%,9.24%,7.85%,7.85%, -   , -   , -   , -   ,,7.85%, 148.61 , 0.76 , 149.37 , 160.78 , 0.61 , 161.39 , 176.54 , 1.19 , 177.73 , 127.16 , 0.95 , 128.11 , 616.60 , 157.66 , 0.78 , 158.44 , 165.73 , 0.62 , 166.35 , 189.68 , 1.27 , 190.95 , 134.23 , 1.01 , 135.24 , 650.98 ,+5.58 , 191.32 , 0.85 , 192.17 , 173.03 , 0.65 , 173.68 , 202.28 , 1.32 , 203.60 , 149.89 , 1.10 , 150.99 , 720.44 ,+10.67 , 205.53 , 0.93 , 206.46 , 60.15 , 0.25 , 60.40 , 63.05 , 0.23 , 63.28 , 63.23 , 0.22 , 63.45 , 75.78 , 0.54 , 76.32 , 73.99 , 0.52 , 74.51 , 71.07 , 0.44 , 71.51 , 58.15 , 0.48 , 58.63 , 53.87 , 0.38 , 54.25 , 49.62 , 0.35 , 49.97 , 778.78 ,+8.10 , 72.21 , 0.30 , 72.51 , 74.63 , 0.27 , 74.90 , 75.48 , 0.42 , 75.90 , 64.71 , 0.28 , 64.99 , 66.83 , 0.31 , 67.14 , 69.08 , 0.28 , 69.36 , 424.80 ,+7.93 
65,17003,จังหวัดสุโขทัย,สุโขทัย,ภาคเหนือตอนล่าง 1," 2,385.53 "," 2,983.61 "," 3,360.07 "," 3,549.16 ",25.07%,12.62%,5.63%,14.44%,10.00%, -   , -   , -   , -   ,,10.00%, 859.97 , 203.72 ," 1,063.69 ", 332.67 , 279.34 , 612.01 , 467.21 , 156.62 , 623.83 , 213.96 , 197.86 , 411.82 ," 2,711.35 ", 893.94 , 209.28 ," 1,103.22 ", 389.74 , 304.90 , 694.64 , 524.09 , 178.33 , 702.42 , 252.65 , 226.66 , 479.31 ," 2,979.59 ",+9.89 , 935.53 , 220.40 ," 1,155.93 ", 424.92 , 326.90 , 751.82 , 538.37 , 183.51 , 721.88 , 272.19 , 229.89 , 502.08 ," 3,131.71 ",+5.11 , 962.32 , 224.65 ," 1,186.97 ", 162.29 , 122.96 , 285.25 , 143.91 , 122.95 , 266.86 , 141.60 , 99.20 , 240.80 , 200.01 , 68.69 , 268.70 , 182.63 , 60.71 , 243.34 , 174.74 , 59.95 , 234.69 , 103.41 , 87.84 , 191.25 , 93.38 , 93.80 , 187.18 , 93.63 , 72.37 , 166.00 ," 3,271.04 ",+4.45 , 293.84 , 71.48 , 365.32 , 333.42 , 88.98 , 422.40 , 390.23 , 85.38 , 475.61 , 179.45 , 134.10 , 313.55 , 149.88 , 139.20 , 289.08 , 159.13 , 111.78 , 270.91 ," 2,136.87 ",+7.93 
66,04004,จังหวัดสุพรรณบุรี,สุพรรณบุรี,ภาคกลางตอนล่าง 1," 2,349.67 "," 2,917.81 "," 3,665.75 "," 4,441.19 ",24.18%,25.63%,21.15%,23.66%,10.00%, -   ,,1.50%, -   ,,11.50%, 940.31 , 8.04 , 948.35 , 596.72 , 3.46 , 600.18 , 623.89 , 9.32 , 633.21 , 583.56 , 7.63 , 591.19 ," 2,772.93 "," 1,127.31 ", 10.04 ," 1,137.35 ", 860.99 , 4.10 , 865.09 , 859.93 , 13.14 , 873.07 , 765.68 , 9.38 , 775.06 ," 3,650.57 ",+31.65 ," 1,639.48 ", 15.52 ," 1,655.00 ", 988.69 , 5.04 , 993.73 , 896.56 , 14.95 , 911.51 , 819.24 , 10.47 , 829.71 ," 4,389.95 ",+20.25 ," 1,833.17 ", 16.86 ," 1,850.03 ", 371.99 , 1.88 , 373.87 , 324.16 , 1.57 , 325.73 , 352.92 , 2.08 , 355.00 , 338.62 , 5.25 , 343.87 , 308.71 , 4.81 , 313.52 , 329.24 , 6.13 , 335.37 , 296.07 , 3.25 , 299.32 , 288.97 , 3.88 , 292.85 , 294.03 , 4.28 , 298.31 ," 4,787.87 ",+9.06 , 680.58 , 5.38 , 685.96 , 694.40 , 6.61 , 701.01 , 647.42 , 6.50 , 653.92 , 433.09 , 2.41 , 435.50 , 412.46 , 2.43 , 414.89 , 394.24 , 1.97 , 396.21 ," 3,287.49 ",+13.18 
67,06004,จังหวัดสุราษฎร์ธานี,สุราษฎร์ธานี,ภาคใต้ฝั่งอ่าวไทย," 46,535.16 "," 69,994.36 "," 86,838.44 "," 97,259.15 ",50.41%,24.06%,12.00%,28.83%,10.00%,1.50%, -   , -   , -   ,,11.50%," 2,650.24 "," 8,629.05 "," 11,279.29 "," 2,700.84 "," 15,719.62 "," 18,420.46 "," 3,413.50 "," 9,714.74 "," 13,128.24 "," 3,479.93 "," 10,644.35 "," 14,124.28 "," 56,952.27 "," 2,829.91 "," 10,810.05 "," 13,639.96 "," 3,073.75 "," 17,336.83 "," 20,410.58 "," 3,875.19 "," 11,101.76 "," 14,976.95 "," 3,900.76 "," 12,492.38 "," 16,393.14 "," 65,420.63 ",+14.87 ," 3,237.94 "," 13,034.31 "," 16,272.25 "," 3,267.25 "," 20,428.92 "," 23,696.17 "," 4,080.30 "," 13,303.51 "," 17,383.81 "," 4,274.83 "," 14,919.33 "," 19,194.16 "," 76,546.39 ",+17.01 ," 3,523.06 "," 15,338.56 "," 18,861.62 "," 1,123.46 "," 6,607.43 "," 7,730.89 "," 1,378.68 "," 6,357.75 "," 7,736.43 "," 1,014.72 "," 7,935.25 "," 8,949.97 "," 1,688.90 "," 5,444.35 "," 7,133.25 "," 1,347.08 "," 5,249.94 "," 6,597.02 "," 1,310.90 "," 4,617.48 "," 5,928.38 "," 1,360.46 "," 5,669.60 "," 7,030.06 "," 1,801.93 "," 5,449.29 "," 7,251.22 "," 1,608.47 "," 5,968.64 "," 7,577.11 "," 84,795.95 ",+10.78 ," 1,336.26 "," 5,053.85 "," 6,390.11 "," 1,233.41 "," 5,037.51 "," 6,270.92 "," 1,346.41 "," 7,155.65 "," 8,502.06 "," 1,196.68 "," 9,034.53 "," 10,231.21 "," 1,564.75 "," 8,465.09 "," 10,029.84 "," 1,223.96 "," 9,448.85 "," 10,672.81 "," 52,096.95 ",+20.37 
68,13004,จังหวัดสุรินทร์,สุรินทร์,ภาคตะวันออกเฉียงเหนือตอนล่าง 1," 1,962.62 "," 2,072.97 "," 2,177.24 "," 2,422.56 ",5.62%,5.03%,11.27%,7.31%,7.31%, -   , -   , -   , -   ,,7.31%, 619.30 , 13.41 , 632.71 , 611.92 , 20.40 , 632.32 , 398.94 , 15.94 , 414.88 , 379.76 , 8.51 , 388.27 ," 2,068.18 ", 597.28 , 12.80 , 610.08 , 651.77 , 20.67 , 672.44 , 430.46 , 17.39 , 447.85 , 412.79 , 9.21 , 422.00 ," 2,152.37 ",+4.07 , 653.67 , 13.75 , 667.42 , 731.48 , 22.41 , 753.89 , 484.13 , 19.40 , 503.53 , 454.63 , 9.87 , 464.50 ," 2,389.34 ",+11.01 , 712.28 , 14.72 , 727.00 , 281.35 , 8.94 , 290.29 , 234.79 , 7.67 , 242.46 , 274.31 , 7.05 , 281.36 , 173.72 , 8.27 , 181.99 , 174.14 , 6.82 , 180.96 , 162.21 , 5.41 , 167.62 , 167.51 , 3.74 , 171.25 , 163.92 , 3.70 , 167.62 , 148.68 , 3.10 , 151.78 ," 2,562.33 ",+7.24 , 247.61 , 4.24 , 251.85 , 262.24 , 5.90 , 268.14 , 229.78 , 5.16 , 234.94 , 292.17 , 10.15 , 302.32 , 245.91 , 9.03 , 254.94 , 274.45 , 8.28 , 282.73 ," 1,594.92 ",+3.49 
69,10002,จังหวัดหนองคาย,หนองคาย,ภาคตะวันออกเฉียงเหนือตอนบน 1," 3,987.86 "," 4,357.11 "," 4,769.41 "," 5,059.91 ",9.26%,9.46%,6.09%,8.27%,8.27%, -   , -   , -   , -   ,,8.27%," 1,096.90 ", 148.77 ," 1,245.67 ", 789.16 , 176.32 , 965.48 , 931.29 , 152.20 ," 1,083.49 ", 747.84 , 153.92 , 901.76 ," 4,196.40 "," 1,081.27 ", 144.80 ," 1,226.07 ", 887.79 , 185.89 ," 1,073.68 "," 1,034.08 ", 167.81 ," 1,201.89 ", 825.21 , 167.06 , 992.27 ," 4,493.91 ",+7.09 ," 1,100.54 ", 139.31 ," 1,239.85 ", 939.08 , 200.67 ," 1,139.75 "," 1,120.52 ", 176.79 ," 1,297.31 ", 891.42 , 178.15 ," 1,069.57 "," 4,746.48 ",+5.62 ," 1,169.90 ", 149.05 ," 1,318.95 ", 368.73 , 80.21 , 448.94 , 328.62 , 71.57 , 400.19 , 314.60 , 64.94 , 379.54 , 401.42 , 68.61 , 470.03 , 414.21 , 58.63 , 472.84 , 371.36 , 58.48 , 429.84 , 322.46 , 63.22 , 385.68 , 300.48 , 66.39 , 366.87 , 323.27 , 61.41 , 384.68 ," 5,057.56 ",+6.55 , 416.58 , 47.74 , 464.32 , 409.00 , 49.90 , 458.90 , 456.87 , 64.64 , 521.51 , 418.18 , 90.24 , 508.42 , 346.57 , 79.84 , 426.41 , 350.33 , 70.13 , 420.46 ," 2,800.02 ",+9.91 
70,10003,จังหวัดหนองบัวลำภู,หนองบัวลำภู,ภาคตะวันออกเฉียงเหนือตอนบน 1, 292.31 , 306.44 , 329.69 , 345.33 ,4.84%,7.59%,4.74%,5.72%,5.72%, -   , -   , -   , -   ,,5.72%, 106.42 , 0.37 , 106.79 , 76.62 , 0.37 , 76.99 , 60.99 , 0.34 , 61.33 , 61.44 , 0.35 , 61.79 , 306.90 , 112.68 , 0.46 , 113.14 , 82.30 , 0.40 , 82.70 , 66.47 , 0.41 , 66.88 , 65.94 , 0.36 , 66.30 , 329.02 ,+7.21 , 120.18 , 0.59 , 120.77 , 86.49 , 0.41 , 86.90 , 69.28 , 0.42 , 69.70 , 68.45 , 0.36 , 68.81 , 346.18 ,+5.22 , 124.33 , 0.61 , 124.94 , 31.96 , 0.18 , 32.14 , 32.01 , 0.14 , 32.15 , 29.75 , 0.11 , 29.86 , 23.55 , 0.22 , 23.77 , 23.15 , 0.12 , 23.27 , 23.48 , 0.07 , 23.55 , 22.14 , 0.14 , 22.28 , 24.75 , 0.16 , 24.91 , 23.43 , 0.09 , 23.52 , 360.39 ,+4.10 , 39.96 , 0.11 , 40.07 , 44.59 , 0.30 , 44.89 , 46.80 , 0.24 , 47.04 , 37.30 , 0.21 , 37.51 , 36.45 , 0.18 , 36.63 , 33.99 , 0.14 , 34.13 , 240.27 ,+9.67 
71,02004,จังหวัดอ่างทอง,อ่างทอง,ภาคกลางตอนบน 2, 584.32 , 733.50 , 796.29 , 859.42 ,25.53%,8.56%,7.93%,14.01%,10.00%, -   , -   , -   ,1.50%,,11.50%, 98.04 , 1.58 , 99.62 , 225.88 , 9.46 , 235.34 , 181.24 , 2.00 , 183.24 , 114.80 , 8.04 , 122.84 , 641.04 , 116.30 , 1.83 , 118.13 , 300.82 , 12.04 , 312.86 , 191.57 , 2.09 , 193.66 , 149.86 , 10.73 , 160.59 , 785.24 ,+22.49 , 148.49 , 2.76 , 151.25 , 304.39 , 12.12 , 316.51 , 202.15 , 2.20 , 204.35 , 163.19 , 11.71 , 174.90 , 847.01 ,+7.87 , 148.70 , 2.81 , 151.51 , 109.15 , 4.52 , 113.67 , 109.52 , 3.87 , 113.39 , 107.53 , 4.62 , 112.15 , 70.62 , 0.90 , 71.52 , 72.38 , 0.61 , 72.99 , 72.37 , 0.91 , 73.28 , 60.13 , 6.48 , 66.61 , 52.84 , 2.30 , 55.14 , 64.71 , 3.80 , 68.51 , 898.77 ,+6.11 , 55.88 , 1.01 , 56.89 , 51.53 , 0.85 , 52.38 , 53.58 , 1.24 , 54.82 , 117.81 , 5.14 , 122.95 , 119.07 , 4.37 , 123.44 , 114.51 , 5.45 , 119.96 , 530.44 ,+8.09 
72,14003,จังหวัดอำนาจเจริญ,อำนาจเจริญ,ภาคตะวันออกเฉียงเหนือตอนล่าง 2, 333.93 , 346.99 , 376.02 , 394.02 ,3.91%,8.37%,4.79%,5.69%,5.69%, -   , -   , -   , -   ,,5.69%, 139.46 , 8.70 , 148.16 , 70.70 , 3.70 , 74.40 , 71.24 , 5.31 , 76.55 , 42.75 , 4.97 , 47.72 , 346.83 , 147.66 , 9.12 , 156.78 , 74.88 , 3.79 , 78.67 , 73.41 , 5.80 , 79.21 , 46.06 , 5.34 , 51.40 , 366.06 ,+5.54 , 153.65 , 9.46 , 163.11 , 78.55 , 3.99 , 82.54 , 76.69 , 6.04 , 82.73 , 48.54 , 5.71 , 54.25 , 382.63 ,+4.53 , 154.13 , 9.60 , 163.73 , 26.59 , 1.62 , 28.21 , 28.08 , 1.52 , 29.60 , 29.79 , 1.20 , 30.99 , 28.15 , 2.43 , 30.58 , 26.08 , 2.05 , 28.13 , 24.80 , 1.73 , 26.53 , 17.09 , 1.96 , 19.05 , 15.51 , 1.86 , 17.37 , 17.98 , 2.14 , 20.12 , 394.31 ,+3.05 , 50.92 , 2.79 , 53.71 , 53.28 , 3.51 , 56.79 , 56.65 , 3.72 , 60.37 , 31.46 , 1.80 , 33.26 , 28.97 , 1.89 , 30.86 , 34.65 , 1.20 , 35.85 , 270.84 ,+7.25 
73,10004,จังหวัดอุดรธานี,อุดรธานี,ภาคตะวันออกเฉียงเหนือตอนบน 1," 7,023.33 "," 7,562.67 "," 8,171.12 "," 8,555.52 ",7.68%,8.05%,4.70%,6.81%,6.81%, -   , -   , -   ,1.50%,,8.31%," 2,139.58 ", 93.10 ," 2,232.68 "," 1,242.06 ", 152.62 ," 1,394.68 "," 1,592.68 ", 116.37 ," 1,709.05 "," 2,017.18 ", 105.40 ," 2,122.58 "," 7,458.99 "," 2,134.18 ", 92.88 ," 2,227.06 "," 1,322.35 ", 156.74 ," 1,479.09 "," 1,803.57 ", 122.86 ," 1,926.43 "," 2,225.17 ", 112.58 ," 2,337.75 "," 7,970.33 ",+6.86 ," 2,243.67 ", 97.76 ," 2,341.43 "," 1,409.24 ", 160.60 ," 1,569.84 "," 1,911.86 ", 128.75 ," 2,040.61 "," 2,353.01 ", 119.40 ," 2,472.41 "," 8,424.29 ",+5.70 ," 2,373.50 ", 102.05 ," 2,475.55 ", 510.72 , 59.77 , 570.49 , 514.70 , 58.87 , 573.57 , 502.52 , 57.24 , 559.76 , 715.13 , 50.56 , 765.69 , 707.31 , 43.11 , 750.42 , 649.60 , 43.82 , 693.42 , 842.08 , 43.89 , 885.97 , 860.60 , 46.05 , 906.65 , 817.07 , 40.67 , 857.74 ," 9,039.26 ",+7.30 , 825.05 , 34.70 , 859.75 , 843.67 , 31.42 , 875.09 , 895.03 , 44.06 , 939.09 , 622.71 , 74.30 , 697.01 , 616.11 , 78.64 , 694.75 , 597.67 , 59.46 , 657.13 ," 4,722.82 ",+13.00 
74,17005,จังหวัดอุตรดิตถ์,อุตรดิตถ์,ภาคเหนือตอนล่าง 1," 1,190.22 "," 1,295.09 "," 1,515.32 "," 1,850.35 ",8.81%,17.00%,22.11%,15.98%,10.00%, -   , -   , -   ,1.50%,,11.50%, 308.84 , 2.25 , 311.09 , 395.38 , 3.70 , 399.08 , 308.89 , 1.19 , 310.08 , 289.26 , 2.59 , 291.85 ," 1,312.10 ", 344.09 , 2.44 , 346.53 , 452.77 , 4.29 , 457.06 , 373.77 , 1.49 , 375.26 , 328.97 , 2.90 , 331.87 ," 1,510.72 ",+15.14 , 384.88 , 2.66 , 387.54 , 581.25 , 5.17 , 586.42 , 446.43 , 1.97 , 448.40 , 443.21 , 3.39 , 446.60 ," 1,868.96 ",+23.71 , 492.41 , 3.34 , 495.75 , 218.69 , 1.77 , 220.46 , 192.21 , 2.14 , 194.35 , 198.19 , 1.55 , 199.74 , 158.57 , 0.69 , 159.26 , 152.10 , 0.68 , 152.78 , 145.34 , 0.62 , 145.96 , 185.45 , 1.72 , 187.17 , 152.73 , 1.12 , 153.85 , 128.53 , 0.81 , 129.34 ," 2,038.66 ",+9.08 , 144.05 , 1.16 , 145.21 , 182.41 , 1.18 , 183.59 , 193.16 , 1.19 , 194.35 , 240.65 , 2.05 , 242.70 , 207.25 , 1.91 , 209.16 , 210.44 , 1.58 , 212.02 ," 1,187.03 ",+6.91 
75,18004,จังหวัดอุทัยธานี,อุทัยธานี,ภาคเหนือตอนล่าง 2, 567.75 , 662.48 , 914.25 ," 1,046.12 ",16.68%,38.00%,14.42%,23.04%,10.00%, -   , -   , -   , -   ,,10.00%, 224.16 , 2.90 , 227.06 , 178.33 , 1.84 , 180.17 , 131.52 , 2.83 , 134.35 , 119.63 , 3.02 , 122.65 , 664.23 , 236.37 , 2.95 , 239.32 , 271.20 , 2.14 , 273.34 , 233.30 , 4.43 , 237.73 , 154.57 , 3.78 , 158.35 , 908.74 ,+36.81 , 327.46 , 3.52 , 330.98 , 288.85 , 2.34 , 291.19 , 246.48 , 4.62 , 251.10 , 190.60 , 3.95 , 194.55 ," 1,067.82 ",+17.51 , 339.09 , 3.62 , 342.71 , 111.21 , 0.86 , 112.07 , 96.98 , 0.91 , 97.89 , 92.16 , 0.67 , 92.83 , 89.07 , 1.81 , 90.88 , 80.09 , 1.38 , 81.47 , 77.17 , 1.45 , 78.62 , 74.88 , 1.34 , 76.22 , 62.76 , 1.46 , 64.22 , 66.36 , 1.47 , 67.83 ," 1,104.74 ",+3.46 , 111.51 , 1.27 , 112.78 , 122.15 , 1.21 , 123.36 , 124.61 , 1.37 , 125.98 , 134.68 , 1.12 , 135.80 , 123.01 , 1.10 , 124.11 , 117.26 , 0.85 , 118.11 , 740.14 ,+14.66 
76,14004,จังหวัดอุบลราชธานี,อุบลราชธานี,ภาคตะวันออกเฉียงเหนือตอนล่าง 2," 5,104.79 "," 5,536.03 "," 5,739.98 "," 6,100.91 ",8.45%,3.68%,6.29%,6.14%,6.14%, -   , -   , -   ,1.50%,,7.64%," 1,586.38 ", 67.07 ," 1,653.45 "," 1,500.71 ", 161.09 ," 1,661.80 "," 1,141.78 ", 98.45 ," 1,240.23 ", 812.58 , 82.17 , 894.75 ," 5,450.23 "," 1,542.93 ", 64.99 ," 1,607.92 "," 1,566.50 ", 164.26 ," 1,730.76 "," 1,170.22 ", 106.74 ," 1,276.96 ", 863.00 , 86.47 , 949.47 ," 5,565.11 ",+2.11 ," 1,637.39 ", 70.14 ," 1,707.53 "," 1,630.38 ", 169.19 ," 1,799.57 "," 1,274.71 ", 113.98 ," 1,388.69 ", 944.82 , 91.90 ," 1,036.72 "," 5,932.51 ",+6.60 ," 1,747.68 ", 76.73 ," 1,824.41 ", 604.89 , 64.12 , 669.01 , 571.26 , 62.10 , 633.36 , 577.83 , 54.67 , 632.50 , 489.52 , 46.25 , 535.77 , 457.67 , 38.16 , 495.83 , 415.22 , 39.70 , 454.92 , 351.86 , 34.38 , 386.24 , 332.77 , 34.26 , 367.03 , 321.77 , 32.75 , 354.52 ," 6,353.59 ",+7.10 , 559.80 , 26.38 , 586.18 , 609.72 , 25.19 , 634.91 , 691.73 , 29.97 , 721.70 , 825.29 , 82.85 , 908.14 , 749.22 , 86.69 , 835.91 , 742.47 , 54.31 , 796.78 ," 4,483.62 ",+19.27 
,,,,,,,,,,,,,,,,,,,," 170,271.92 "," 270,758.71 "," 441,030.63 "," 177,189.10 "," 258,650.44 "," 435,839.54 "," 170,580.80 "," 191,416.29 "," 361,997.09 "," 170,208.06 "," 162,158.12 "," 332,366.18 "," 1,571,233.44 "," 183,473.52 "," 290,564.79 "," 474,038.31 "," 200,502.14 "," 293,485.23 "," 493,987.37 "," 192,311.62 "," 224,899.49 "," 417,211.11 "," 200,830.28 "," 203,325.81 "," 404,156.09 "," 1,789,392.88 ",+13.88 ," 209,429.27 "," 332,227.14 "," 541,656.41 "," 216,630.30 "," 372,562.60 "," 589,192.90 "," 208,447.60 "," 284,212.35 "," 492,659.95 "," 221,988.24 "," 250,160.44 "," 472,148.68 "," 2,095,657.94 ",+17.12 ," 235,138.62 "," 366,048.81 "," 601,187.43 "," 78,896.66 "," 119,945.99 "," 198,842.65 "," 75,124.01 "," 109,771.58 "," 184,895.59 "," 75,822.86 "," 119,945.11 "," 195,767.97 "," 78,798.21 "," 122,195.05 "," 200,993.26 "," 76,833.64 "," 106,280.18 "," 183,113.82 "," 72,030.52 "," 105,666.25 "," 177,696.77 "," 76,058.46 "," 99,488.62 "," 175,547.08 "," 78,428.82 "," 100,226.41 "," 178,655.23 "," 85,620.83 "," 92,573.45 "," 178,194.28 "," 2,274,894.08 ",+8.55 ," 82,651.45 "," 127,388.61 "," 210,040.06 "," 85,798.73 "," 134,123.23 "," 219,921.96 "," 92,100.57 "," 170,087.79 "," 262,188.36 "," 91,445.47 "," 177,045.94 "," 268,491.41 "," 89,289.24 "," 175,006.55 "," 264,295.79 "," 86,691.31 "," 159,654.10 "," 246,345.41 "," 1,471,282.99 ",+24.61 
,,,,,,,,,,,,,,,,,,,,,,,,,,,,,,,,,,,,,,,,,,,,,,,,,,,,,,,,,,,,,,,,,,,,,,,,,,,,,,,,,,,,,,,,,,,,,,,,,,,,,,,,,,,,,,,,
,,,,,,,,,,,,,,,,,,,,,,,,,,,,,,,,,หมายเหตุ : รายได้จากการท่องเที่ยวรายจังหวัดที่ใช้อยู่ในปัจจุบัน,,,,,,,,,,,,,,หมายเหตุ : รายได้จากการท่องเที่ยวรายจังหวัดที่ใช้อยู่ในปัจจุบัน,,,,,,,,,,,,,,หมายเหตุ : รายได้จากการท่องเที่ยวรายจังหวัดที่ใช้อยู่ในปัจจุบัน,,,,,,,,,,,,,,,,,,,,,,,,,,,,,,,,หมายเหตุ : รายได้จากการท่องเที่ยวรายจังหวัดที่ใช้อยู่ในปัจจุบัน,,,,,,,,,,,,,,,,,,,
,,,,,,,,,,,,,,,,,,,,,,,,,,,,,,,,,,,,,,,,,,,,,,,,,,,,,,,,,,,,,,,,,,,,,,,,,,,,,,,,,,,,,,,,,,,,,,,,,,,,,,,,,,,,,,,,
,,,,,,,,,,,,,,,,,,,,,,,,,,,,,,,,,,,,,,,,,,,,,,,,,,,,,,,,,,,,,,,,,,,,,,,,,,,,,,,,,,,,,,,,,,,,,,,,,,,,,,,,,,,,,,,,
,,,,,,,,,,,,,,,,,,,,,,,,,,,,,,,,,,,,,,,,,,,,,,,,,,,,,,,,,,,,,,,,,,,,,,,,,,,,,,,,,,,,,,,,,,,,,,,,,,,,,,,,,,,,,,,,
,,,,,,,,,,,,,,,,,,,,,,,,,,,,,,,,,,,,,,,,,,,,,,,,,,,,,,,,,,,,,,,,,,,,,,,,,,,,,,,,,,,,,,,,,,,,,,,,,,,,,,,,,,,,,,,,
,,,,,,,,,,,,,,,,,,,,,,,,,,,,,,,,,,,,,,,,,,,,,,,,,,,,,,,,,,,,,,,,,,,,,,,,,,,,,,,,,,,,,,,,,,,,,,,,,,,,,,,,,,,,,,,,
,,,,,,,,,,,,,,,,,,,,,,,,,,,,,,,,,,,,,,,,,,,,,,,,,,,,,,,,,,,,,,,,,,,,,,,,,,,,,,,,,,,,,,,,,,,,,,,,,,,,,,,,,,,,,,,,
,,,,,,,,,,,,,,,,,,,,,,,,,,,,,,,,,,,,,,,,,,,,,,,,,,,,,,,,,,,,,,,,,,,,,,,,,,,,,,,,,,,,,,,,,,,,,,,,,,,,,,,,,,,,,,,,
,,,,,,,,,,,,,,,,,,,,,,,,,,,,,,,,,,,,,,,,,,,,,,,,,,,,,,,,,,,,,,,,,,,,,,,,,,,,,,,,,,,,,,,,,,,,,,,,,,,,,,,,,,,,,,,,
